負責人,站ID,站點規格,啟用日期,名稱,充電槍數,AC槍數量,DC槍數量,槍頭規格,經度,緯度,區域屬性,站點屬性,縣市,標案性質
Anita,BZ01,純DC站,2020/04/18,賓航賓士_新北中和,2,0,2,CCS1,121.485519,24.998601,商業區,車廠,新北市,無
Anita,BZ00,純DC站,2020/05/07,台隆賓士_台北濱江,2,0,2,CCS1,121.543045,25.072696,交通幹道區,車廠,臺北市,無
Anita,EV01,純AC站,2020/06/18,高雄鳳頂高爾夫練習場,1,1,0,J1772,120.35787,22.589843,住宅區,高球場,高雄市,無
Ivan,EV02,純AC站,2020/07/16,嘉義優遊吧斯,3,3,0,J1772、TYPE2,120.6984,23.4628,風景區,景點,嘉義縣,無
Anita,SP02,純AC站,2020/07/21,新竹科學園區_研發四路,2,2,0,J1772,120.998,24.7792,辦公區,科學園區,新竹市,無
Anita,SP03,純AC站,2020/07/21,新竹科學園區_篤行會館,2,2,0,J1772,121.02361,24.76981,辦公區,科學園區,新竹市,無
無,SP01,純AC站,2020/07/22,新竹科學園區_活動中心,4,4,0,J1772,121.0056,24.7831,風景區,商辦,新竹市,無
Anita,SP04,純AC站,2020/07/22,新竹科學園區_弘道樓,2,2,0,J1772,121.0134,24.7774,辦公區,科學園區,新竹市,無
Anita,SP05,純AC站,2020/07/23,苗栗竹南科學園區_轉運站,2,2,0,J1772,120.9228,24.7071,辦公區,科學園區,苗栗縣,無
無,SP06,純AC站,2020/07/23,竹南科學園區_服務處,2,2,0,J1772,120.9229,24.7071,交通幹道區,商辦,苗栗縣,無
Anita,SP07,純AC站,2020/07/24,苗栗銅鑼科學園區,2,2,0,J1772,120.7725,24.4633,辦公區,科學園區,苗栗縣,無
Anita,SP09,純AC站,2020/07/27,桃園龍潭科學園區,2,2,0,J1772,121.1885,24.8877,辦公區,科學園區,桃園市,無
Anita,SP00,純AC站,2020/07/27,新竹生醫科學園區,2,2,0,J1772,121.0472,24.8071,辦公區,科學園區,新竹縣,無
Anita,SP08,純AC站,2020/07/30,宜蘭科學園區,2,2,0,J1772,121.7543,24.73215,辦公區,科學園區,宜蘭縣,無
無,DD00,純AC站,2020/08/12,建國北路高架A區,2,2,0,,121.536692,25.0491,住宅區,平面停車場,臺北市,無
無,DD01,純AC站,2020/08/12,建國北路高架B區,2,2,0,,121.536743,25.0498,住宅區,平面停車場,臺北市,無
無,DD02,純AC站,2020/08/12,建國北路高架G區,2,2,0,,121.537004,25.059455,住宅區,平面停車場,臺北市,無
無,DD03,純AC站,2020/08/12,建國北路高架H區,2,2,0,,121.536984,25.06052,住宅區,平面停車場,臺北市,無
無,DD04,純AC站,2020/08/12,建國北路高架IA區,2,2,0,,121.53708,25.0634,住宅區,平面停車場,臺北市,無
Anita,BZ02,純DC站,2020/08/20,賓泓賓士_台南(南區),2,0,2,CCS1,120.183452,22.972449,商業區,車廠,臺南市,無
Xana,EV00,AC+DC站,2020/08/25,台北內湖旗艦站,13,7,6,J1772、TYPE2、CCS1、CCS2、CHAdeMO,121.593142,25.06868,辦公區,旗艦型快充站,臺北市,無
Anita,BZ03,純DC站,2020/08/26,德冠賓士_高雄,2,0,2,CCS1,120.303362,22.672273,商業區,車廠,高雄市,無
Kathy,EV04,純AC站,2020/09/11,桃園JC PARK春日館,4,4,0,J1772、TYPE2,121.31145,25.009191,商業區,百貨,桃園市,無
Anita,EV03,純AC站,2020/09/16,新竹老爺關西高爾夫,3,3,0,J1772、TYPE2,121.196843,24.75337,風景區,高球場,新竹縣,無
Kathy,EV05,純AC站,2020/09/17,台中港酒店,6,6,0,J1772、TYPE2,120.533589,24.259988,住宅區,飯店,臺中市,無
Anita,BZ07,純DC站,2020/09/18,中華賓士_台中河南,2,0,2,CCS1,120.659973,24.173987,商業區,車廠,臺中市,無
Anita,BZ05,純DC站,2020/09/18,中華賓士_台北關渡,2,0,2,CCS1,121.468579,25.123385,商業區,車廠,臺北市,無
Anita,BZ09,純DC站,2020/09/19,中華賓士_高屏,2,0,2,CCS1,120.389093,22.633548,交通幹道區,車廠,高雄市,無
Anita,BZ06,純DC站,2020/09/19,中華賓士_桃園,2,0,2,CCS1,121.272953,24.979548,商業區,車廠,桃園市,無
Anita,BZ08,純DC站,2020/09/19,中華賓士_台南(永康區),2,0,2,CCS1,120.219819,23.024863,交通幹道區,車廠,臺南市,無
Anita,BZ10,純DC站,2020/09/20,中華賓士_花蓮,2,0,2,CCS1,121.585327,23.980584,商業區,車廠,花蓮縣,無
Kathy,EV07,純AC站,2020/10/21,宜蘭新月廣場,10,10,0,J1772、TYPE2,121.750324,24.753837,商業區,百貨,宜蘭縣,無
Kathy,EV06,純AC站,2020/10/22,台中裕元花園酒店,3,3,0,J1772,120.623992,24.179557,商業區,飯店,臺中市,無
Xana,EV08,純AC站,2020/11/26,Times台南U.I.J Hotel & Hostel停車場,1,1,0,J1772,120.199868,22.990903,住宅區,飯店,臺南市,無
Anita,BZ04,純DC站,2020/12/01,中彰賓士_台中,2,0,2,CCS1,120.6318,24.14408,交通幹道區,車廠,臺中市,無
Xana,EV09,純AC站,2020/12/14,台北大倉久和大飯店,3,3,0,J1772,121.52338,25.052345,住宅區,飯店,臺北市,無
Xana,FH00,純AC站,2020/12/15,雀客旅館_新北蘆洲,3,3,0,J1772,121.480155,25.081188,商業區,飯店,新北市,無
Lisa,EV11,純AC站,2021/01/14,台北台日交流協會,2,2,0,J1772,121.546205,25.053928,辦公區,商辦,臺北市,無
Lisa,YK00,AC+DC站,2021/01/15,台北新光南港軟體園區,4,2,2,J1772、TYPE2、CCS1、CHAdeMO,121.614709,25.05988,辦公區,商辦,臺北市,無
Ivan,EV10,純AC站,2021/01/25,高雄漢神百貨,2,2,0,J1772,120.295968,22.619301,商業區,百貨,高雄市,無
Ivan,EV12,純DC站,2021/02/01,宜蘭安永心食館,2,0,2,CCS1、CHAdeMO,121.818453,24.614987,交通幹道區,景點,宜蘭縣,無
Lisa,HS01,純DC站,2021/02/03,金弘笙_台南永康店,2,0,2,CCS1、CHAdeMO,120.2445,23.0419,交通幹道區,連鎖量販-金弘笙,臺南市,無
Lisa,HS02,純DC站,2021/02/03,金弘笙_高雄九如店,2,0,2,CCS1、CCS2,120.32816,22.638904,交通幹道區,連鎖量販-金弘笙,高雄市,無
Kathy,TH00,純AC站,2021/02/06,屏東統一墾丁渡假村,3,3,0,J1772,120.850309,21.906333,風景區,民宿,屏東縣,無
Anita,EV17,純AC站,2021/03/03,台北信義之星(限住戶使用),2,2,0,J1772,121.564872,25.030631,住宅區,社區,臺北市,無
Kathy,EV18,純AC站,2021/03/08,台中福華大飯店,3,3,0,J1772、TYPE2,120.624293,24.180303,商業區,飯店,臺中市,無
Ivan,EV19,純AC站,2021/03/10,苗栗天空之城,2,2,0,J1772、TYPE2,120.7777,24.348762,風景區,景點,苗栗縣,無
Xana,7E01,純DC站,2021/03/29,7-11_南投邵月門市(原鑫中潭),2,0,2,CCS1、CHAdeMO,120.927406,23.905093,交通幹道區,超商,南投縣,無
Xana,EV16,純AC站,2021/03/31,嘉義耐斯王子大飯店,3,3,0,J1772、TYPE2,120.453427,23.496332,商業區,飯店,嘉義市,無
Lisa,EV13,純AC站,2021/04/01,新竹昌益科技產發園區,3,3,0,J1772,121.009071,24.845008,辦公區,商辦,新竹縣,無
Lisa,YK01,純AC站,2021/04/12,台北內湖亞太經貿廣場A棟,3,3,0,J1772,121.57444,25.072274,辦公區,商辦,臺北市,無
Anita,BZ12,純DC站,2021/04/15,台明賓士_新北三重,2,0,2,CCS1,121.47245,25.0572,商業區,車廠,新北市,無
Kathy,EV20,AC+DC站,2021/05/03,新北土城日月光廣場,4,2,2,J1772、CCS1、CHAdeMO,121.44507,24.978658,商業區,百貨,新北市,無
Anita,BZ11,純DC站,2021/05/05,中華賓士_台北內湖,2,0,2,CCS1,121.5773,25.0632,商業區,車廠,臺北市,無
Anita,EV23,純AC站,2021/05/17,台中豐原高爾夫球場,2,2,0,J1772、TYPE2,120.755477,24.264939,交通幹道區,高球場,臺中市,無
Xana,EV25,純DC站,2021/06/01,新北萬里沐舍酒店,2,0,2,CCS1、CHAdeMO,121.64336,25.2152,交通幹道區,飯店,新北市,無
Lisa,BQ00,AC+DC站,2021/07/16,桃園南崁特力家居,4,2,2,J1772、TYPE2、CCS1、CHAdeMO,121.2947,25.04039,商業區,連鎖量販-特力家居,桃園市,無
Xana,EV27,純AC站,2021/08/02,新竹豐邑喜來登大飯店,9,9,0,J1772,121.027958,24.820428,住宅區,飯店,新竹縣,無
無,LX00,純DC站,2021/08/02,LEXUS_台北濱江服務廠,2,0,2,CCS1、CHAdeMO,121.541,25.0726,交通幹道區,車廠,臺北市,無
Xana,EV22,純AC站,2021/08/09,宜蘭五結綠舞觀光飯店,2,2,0,J1772,121.819292,24.701727,風景區,飯店,宜蘭縣,無
Kathy,EV26,純AC站,2021/08/16,宜蘭外澳服務區停車場,2,2,0,J1772、TYPE2,121.842375,24.878781,交通幹道區,景點,宜蘭縣,無
Xana,EV21,純AC站,2021/08/30,新北馥蘭朵烏來渡假酒店,2,2,0,J1772,121.547464,24.869861,交通幹道區,飯店,新北市,無
Lisa,HS00,純DC站,2021/08/30,金弘笙_新竹竹北店,2,0,2,CCS1、CHAdeMO,121.0205,24.817997,住宅區,連鎖量販-金弘笙,新竹縣,無
Anita,LX03,純DC站,2021/09/06,LEXUS_台中營業所,2,0,2,CCS1、CHAdeMO,120.630688,24.159424,商業區,車廠,臺中市,無
Anita,LX02,純DC站,2021/09/07,LEXUS_桃園營業所,2,0,2,CCS1、CHAdeMO,121.289205,25.004595,住宅區,車廠,桃園市,無
Xana,EV30,純AC站,2021/09/10,雲林斗六緻麗伯爵酒店,2,2,0,J1772,120.542568,23.710864,商業區,飯店,雲林縣,無
Anita,LX04,純DC站,2021/09/14,LEXUS_台南營業所,2,0,2,CCS1、CHAdeMO,120.2252,23.0304,交通幹道區,車廠,臺南市,無
Anita,LX05,純DC站,2021/09/14,LEXUS_高雄民族營業所,2,0,2,CCS1、CHAdeMO,120.3187,22.6788,商業區,車廠,高雄市,無
Ivan,EV29,純AC站,2021/09/17,高雄大榮中學停車場,3,3,0,J1772、TYPE2,120.2812,22.6527,住宅區,社區,高雄市,無
Kathy,EV28,AC+DC站,2021/09/22,新竹Big City遠東巨城,28,26,2,J1772、TYPE2、CCS1、CCS2,120.975103,24.810763,商業區,百貨,新竹市,無
Xana,EV31,純AC站,2021/09/27,新北永和比漾廣場,2,2,0,J1772,121.507555,25.007919,商業區,百貨,新北市,無
Xana,EV32,純AC站,2021/10/18,台中米平方廣場,3,3,0,J1772,120.61168,24.192309,商業區,百貨,臺中市,無
Xana,FH01,純AC站,2021/10/28,F-Hotel_嘉義館,2,2,0,J1772,120.536748,23.471763,交通幹道區,飯店,嘉義縣,無
Anita,LX01,純DC站,2021/11/01,LEXUS_台北內湖營業所,2,0,2,CCS1、CHAdeMO,121.572733,25.077126,辦公區,車廠,臺北市,無
Lisa,YK02,純AC站,2021/11/08,新北淡水新光淡江複合學舍,2,2,0,J1772,121.448735,25.178666,住宅區,大專院校,新北市,無
Xana,EV33,純AC站,2021/11/15,台東日暉國際渡假村,2,2,0,J1772,121.198691,23.105644,風景區,民宿,臺東縣,無
Xana,TH01,純AC站,2021/12/08,新竹統一馬武督渡假會議中心,3,3,0,J1772,121.217652,24.767992,交通幹道區,飯店,新竹縣,無
Xana,EV34,純AC站,2021/12/10,台北維多麗亞酒店,3,3,0,J1772,121.55892,25.084344,商業區,飯店,臺北市,無
Xana,TS00,純AC站,2021/12/16,台糖_台北會館,3,3,0,J1772,121.510158,25.045301,住宅區,飯店,臺北市,無
Xana,EV35,純AC站,2021/12/20,宜蘭蘭陽烏石港海景酒店,3,3,0,J1772,121.829586,24.862558,交通幹道區,飯店,宜蘭縣,無
Ivan,TK00,純DC站,2021/12/29,燦坤_台中五權店,2,0,2,CCS1、CHAdeMO,120.636201,24.142767,交通幹道區,連鎖量販-燦坤,臺中市,無
無,FE00,純AC站,2022/01/05,華城_中壢廠員工停車場,1,1,0,,121.240327,24.978754,辦公區,商辦,桃園市,無
Xana,TH02,純AC站,2022/01/10,台中統一谷關渡假村,3,3,0,J1772,121.001665,24.202559,風景區,民宿,臺中市,無
Anita,FC00,純AC站,2022/01/19,屏東幸福公園停車場,10,10,0,J1772,120.491628,22.678507,風景區,公園,屏東縣,無
Xana,EV37,純AC站,2022/01/26,高雄SKM Park,6,6,0,J1772、TYPE2,120.329391,22.583347,商業區,百貨,高雄市,無
Xana,EV41,純AC站,2022/01/26,台南長榮酒店,3,3,0,J1772,120.220895,22.9745,住宅區,飯店,臺南市,無
Lisa,EV39,純AC站,2022/02/09,新北汐止宏痐j樓(限大樓員工/廠商使用),3,3,0,J1772,121.648049,25.060918,辦公區,商辦,新北市,無
Kathy,EV36,純AC站,2022/02/21,台中豐邑MOXY酒店,3,3,0,J1772,120.646738,24.131771,住宅區,飯店,臺中市,無
Xana,EV40,純AC站,2022/02/21,新北大板根森林溫泉渡假村,4,4,0,J1772,121.406855,24.871476,風景區,民宿,新北市,無
Xana,EV14,純AC站,2022/03/24,台北花園大酒店,2,2,0,J1772、TYPE2,121.507051,25.037306,住宅區,飯店,臺北市,無
Xana,EV24,AC+DC站,2022/03/30,宜蘭礁溪立體停車場(原宜蘭九號溫泉),7,3,4,J1772、CCS1、CCS2,121.772214,24.829775,風景區,飯店,宜蘭縣,無
Ivan,TK02,AC+DC站,2022/03/30,燦坤_台北內湖總部,9,3,6,J1772、TYPE2、CCS1、CCS2、CHAdeMO,121.572808,25.063236,商業區,連鎖量販-燦坤,臺北市,無
Anita,FC01,純AC站,2022/03/30,桃園長庚高爾夫球場,3,3,0,J1772,121.381232,25.027149,風景區,高球場,桃園市,無
Anita,FC02,純AC站,2022/03/30,桃捷長庚醫院站共開大樓,1,1,0,J1772,121.369944,25.059854,商業區,醫院,桃園市,無
Anita,BZ13,純DC站,2022/04/01,聯立賓士_新竹,2,0,2,CCS1,120.99472,24.81762,商業區,車廠,新竹市,無
Xana,7E03,純DC站,2022/04/25,7-11_南投竹秀門市,2,0,2,CCS1、CCS2,120.713371,23.800113,交通幹道區,超商,南投縣,無
無,TY00,純DC站,2022/05/17,TOYOTA新莊充電站(DC),2,0,2,CCS1,121.459975,25.038819,交通幹道區,車廠,新北市,無
Anita,TY01,純DC站,2022/05/17,TOYOTA內湖充電站(DC),2,0,2,CCS1,121.562781,25.085968,住宅區,車廠,臺北市,無
Anita,TY02,純DC站,2022/05/17,TOYOTA中壢充電站(DC),2,0,2,CCS1,121.236764,24.969932,交通幹道區,車廠,桃園市,無
Anita,TY03,純DC站,2022/05/17,TOYOTA中台中充電站(DC),2,0,2,CCS1,120.628943,24.158335,住宅區,車廠,臺中市,無
Anita,TY04,純DC站,2022/05/17,TOYOTA北台南充電站(DC),2,0,2,CCS1,120.220777,23.025638,交通幹道區,車廠,臺南市,無
Anita,TY05,純DC站,2022/05/17,TOYOTA北高雄充電站(DC),2,0,2,CCS1,120.316012,22.657482,商業區,車廠,高雄市,無
Xana,EV47,AC+DC站,2022/06/01,新竹和選旅,5,3,2,J1772、CCS1、CCS2,121.002531,24.790104,交通幹道區,飯店,新竹市,無
Ivan,TK03,純DC站,2022/06/15,燦坤_高雄華榮店,2,0,2,CCS1、CHAdeMO,120.295549,22.668002,住宅區,連鎖量販-燦坤,高雄市,無
Anita,BZ14,純DC站,2022/06/23,聯立賓士-中壢,2,0,2,CCS1,121.207866,24.944049,商業區,車廠,桃園市,無
Ivan,EV15,AC+DC站,2022/06/29,嘉義翁聚德觀光工廠,5,3,2,J1772、CCS1、CCS2,120.482732,23.45079,交通幹道區,景點,嘉義縣,無
Xana,7E00,純DC站,2022/06/29,7-11_桃園江園門市,2,0,2,CCS1、CHAdeMO,121.228527,25.005272,商業區,超商,桃園市,無
無,EV45,純AC站,2022/06/29,新北新店寶橋停車場,4,4,0,J1772,121.545726,24.974515,住宅區,平面停車場,新北市,無
Lisa,EV48,純AC站,2022/07/06,新北汐止宏痐膝q(限宏眴工/廠商使用),3,3,0,J1772,121.647499,25.060509,辦公區,商辦,新北市,無
無,EV44,純AC站,2022/07/14,新北新店大豐停車場,2,2,0,J1772,121.538367,24.978122,住宅區,平面停車場,新北市,無
Ivan,EV43,純AC站,2022/07/18,台南南瀛綠都心停車場,12,12,0,J1772,120.31603,23.30978,風景區,景點,臺南市,無
Ivan,EV49,純AC站,2022/07/18,嘉義故宮南院 ,3,3,0,J1772,120.295114,23.469975,風景區,景點,嘉義縣,無
Xana,EV50,純AC站,2022/07/20,溪頭盛軒森林渡假會館,2,2,0,J1772,120.793853,23.677821,住宅區,飯店,南投縣,無
Ivan,TK05,純DC站,2022/08/01,燦坤_台中超越店,2,0,2,CCS1、CCS2,120.650436,24.156516,住宅區,連鎖量販-燦坤,臺中市,無
Xana,EV52,純AC站,2022/08/01,雀客藏居_台北陽明山,2,2,0,J1772,121.548785,25.144194,住宅區,飯店,臺北市,無
Xana,EV51,純AC站,2022/08/24,南投集集金格民宿,2,2,0,J1772,120.792337,23.826838,風景區,民宿,南投縣,無
Kathy,EV54,純AC站,2022/08/29,台南富農停車場,3,3,0,J1772,120.232967,22.981734,住宅區,平面停車場,臺南市,無
Kathy,EV42,純DC站,2022/08/31,苗栗三義車亭服務區,2,0,2,CCS1、CHAdeMO,120.758597,24.390751,交通幹道區,國道休息區,苗栗縣,無
Xana,EV55,純AC站,2022/09/04,南投埔里故事館,3,3,0,J1772,120.971838,23.955665,風景區,民宿,南投縣,無
Xana,EV38,AC+DC站,2022/10/03,花蓮立閣人文旅店,4,2,2,J1772、CCS1、CHAdeMO,121.643584,24.131583,風景區,民宿,花蓮縣,無
Lisa,EV61,純AC站,2022/10/04,台北101_賓士目的地充電站,3,3,0,J1772,121.565056,25.033953,商業區,商辦,臺北市,無
Xana,EV57,純AC站,2022/10/05,花蓮本來食藝空間,2,2,0,J1772,121.490152,23.837837,風景區,民宿,花蓮縣,無
Xana,EV60,純AC站,2022/10/05,桃園龍潭渴望會館,3,3,0,J1772,121.183831,24.839758,住宅區,飯店,桃園市,無
Lisa,BQ01,AC+DC站,2022/10/06,Life1生活廣場高雄館,5,3,2,J1772、CCS1、CCS2,120.319414,22.676147,商業區,連鎖量販-特力家居,高雄市,無
Kathy,EV62,純AC站,2022/10/12,高雄右昌停車場,2,2,0,J1772,120.290775,22.710139,商業區,平面停車場,高雄市,無
Xana,EV56,純AC站,2022/10/17,花蓮芳草古樹花園,2,2,0,J1772,121.453899,23.747121,風景區,民宿,花蓮縣,無
Ivan,EV53,AC+DC站,2022/10/18,高雄展覽館,7,5,2,J1772、TYPE2、CCS1、CCS2,120.298313,22.608097,風景區,景點,高雄市,無
Ivan,TK04,純DC站,2022/11/02,燦坤_竹北神山超越店,2,0,2,CCS1、CCS2,121.02196,24.8197,商業區,連鎖量販-燦坤,新竹縣,無
Anita,EV58,純AC站,2022/11/14,MITSUI OUTLET PARK 林口Ⅰ館,20,20,0,J1772、TYPE2,121.363891,25.071507,商業區,百貨,新北市,無
Lisa,BQ02,純DC站,2022/11/23,Life1生活廣場台南館,2,0,2,CCS1、CCS2,120.244913,22.973066,商業區,連鎖量販-特力家居,臺南市,無
Xana,7E05,純DC站,2022/12/01,7-11_高雄得富門市,2,0,2,CCS1、CCS2,120.330614,22.678745,住宅區,超商,高雄市,無
Xana,EV64,純AC站,2022/12/23,嘉義阿里山英迪格酒店,6,6,0,J1772、TYPE2,120.672471,23.444105,住宅區,飯店,嘉義縣,無
Lisa,EV46,AC+DC站,2022/12/26,台北101購物中心,33,27,6,J1772、TYPE2、CCS1、CCS2、CHAdeMO,121.565137,25.034392,商業區,百貨,臺北市,無
Anita,FC03,純AC站,2022/12/27,宜蘭礁溪寒沐酒店,3,3,0,J1772,121.7734,24.829922,風景區,飯店,宜蘭縣,無
Xana,7E04,純DC站,2022/12/28,7-11_台東卑南門市,2,0,2,CCS1、CCS2,121.127443,22.776385,交通幹道區,超商,臺東縣,無
Anita,BZ21,純DC站,2023/01/04,裕賓賓士_宜蘭,2,0,2,CCS1,121.778081,24.685161,商業區,車廠,宜蘭縣,無
Ivan,EV63,純AC站,2023/01/16,高雄漢神巨蛋,2,2,0,J1772、TYPE2,120.302948,22.670828,商業區,百貨,高雄市,無
無,BZ20,純AC站,2023/01/16,中華賓士_高雄中山,1,1,0,J1772,120.306231,22.608976,住宅區,車廠,高雄市,無
無,BZ16,純AC站,2023/01/16,中華賓士_北台中,1,1,0,J1772,120.661492,24.232034,住宅區,車廠,臺中市,無
無,BZ15,純AC站,2023/01/16,中華賓士_台中(西屯區),1,1,0,J1772,120.649581,24.163446,交通幹道區,車廠,臺中市,無
無,BZ19,純AC站,2023/01/16,中華賓士_台北南港,1,1,0,J1772,121.589106,25.052949,住宅區,車廠,臺北市,無
無,BZ17,純AC站,2023/01/16,中華賓士_彰化員林,1,1,0,J1772,120.566908,23.983513,交通幹道區,車廠,彰化縣,無
無,BZ18,純AC站,2023/01/16,中華賓士_嘉義,1,1,0,J1772,120.38185,23.49673,住宅區,車廠,嘉義縣,無
Kathy,EV66,純AC站,2023/02/02,高雄景昌停車場,2,2,0,J1772、TYPE2,120.282888,22.714678,交通幹道區,平面停車場,高雄市,無
無,EV65,純DC站,2023/02/23,台北西湖公園地下停車場,2,0,2,,121.570588,25.084487,住宅區,地下停車場,臺北市,無
Anita,EV68,純AC站,2023/04/19,新北新店台北慈濟醫院,3,3,0,J1772、TYPE2,121.536759,24.985659,交通幹道區,醫院,新北市,無
Xana,EV69,純AC站,2023/05/03,新北八里福朋喜來登酒店,4,4,0,J1772、TYPE2,121.429639,25.159597,風景區,飯店,新北市,無
Xana,EV70,純AC站,2023/05/03,新竹老爺酒店,4,4,0,J1772、TYPE2,121.020599,24.781975,住宅區,飯店,新竹市,無
Kathy,EV71,純AC站,2023/05/03,南投日月潭御朝休閒渡假村,3,3,0,J1772、TYPE2,120.951764,23.876579,風景區,民宿,南投縣,無
Xana,EV72,純AC站,2023/05/16,桃園悅華大酒店,7,7,0,J1772、TYPE2,121.247839,24.87064,風景區,飯店,桃園市,無
Lisa,EV73,純AC站,2023/05/25,群聯電子苗栗竹南分公司,5,5,0,J1772、TYPE2,120.912573,24.719332,辦公區,商辦,苗栗縣,無
Kathy,EV59,AC+DC站,2023/05/29,辰淵_高雄小港地下停車場,14,10,4,J1772、TYPE2、CCS1、CCS2、CHAdeMO,120.33755,22.56465,住宅區,地下停車場,高雄市,無
Kathy,EV76,純AC站,2023/06/05,台中金典酒店,3,3,0,J1772、TYPE2,120.663321,24.15625,商業區,飯店,臺中市,無
Ivan,TK01,AC+DC站,2023/06/05,燦坤_新竹光復店,3,1,2,J1772、CCS1、CHAdeMO,121.001572,24.794741,交通幹道區,連鎖量販-燦坤,新竹市,無
Anita,FC04,純AC站,2023/06/05,高雄市環保局戶外停車場,2,2,0,J1772、TYPE2,120.348539,22.649527,辦公區,政府機關,高雄市,無
Lisa,EV75,純AC站,2023/06/14,桃園龍潭渴望研究園,3,3,0,J1772、TYPE2,121.189137,24.83688,辦公區,商辦,桃園市,無
Kathy,EV74,純AC站,2023/06/19,台南鼎豐金華停車場,6,6,0,J1772、TYPE2,120.189986,22.968093,商業區,平面停車場,臺南市,無
Anita,EV79,純AC站,2023/06/28,宜蘭OA HOTEL,2,2,0,J1772,121.839582,24.871531,交通幹道區,飯店,宜蘭縣,無
Anita,EV80,純AC站,2023/06/28,宜蘭凱渡廣場酒店,4,4,0,J1772,121.839805,24.87134,交通幹道區,飯店,宜蘭縣,無
Kathy,EV78,純AC站,2023/07/03,高雄永發左營高鐵後站停車場,5,5,0,J1772、TYPE2,120.305506,22.68661,商業區,平面停車場,高雄市,無
Ivan,SY00,純AC站,2023/07/11,順益汽車_濱江營業所,1,1,0,J1772,121.546473,25.072642,商業區,車廠,臺北市,無
Ivan,SY01,純AC站,2023/07/11,順益汽車_中和營業所,1,1,0,J1772,121.484146,25.007668,交通幹道區,車廠,新北市,無
Ivan,SY02,純AC站,2023/07/11,順益汽車_中壢營業所,1,1,0,J1772,121.237482,24.96817,交通幹道區,車廠,桃園市,無
Anita,FC05,純AC站,2023/07/29,桃園中華航空企業總部(限內部員工使用),6,6,0,J1772、TYPE2,121.22044,25.068595,交通幹道區,商辦,桃園市,無
Anita,EV86,純AC站,2023/08/14,桃園元素格鬥健身會館,2,2,0,J1772,121.219731,24.870412,交通幹道區,運動,桃園市,無
Ivan,TK09,純AC站,2023/08/14,燦坤_新北淡水中山店,3,3,0,J1772、TYPE2,121.444533,25.184203,住宅區,連鎖量販-燦坤,新北市,無
Ivan,TK08,純AC站,2023/08/14,燦坤_基隆安樂店,3,3,0,J1772、TYPE2,121.719736,25.132847,商業區,連鎖量販-燦坤,基隆市,無
Xana,EV84,純AC站,2023/08/15,南投日月潭諾丁丘民宿,1,1,0,J1772,120.88084,23.817119,風景區,民宿,南投縣,無
Lisa,EV83,純AC站,2023/08/24,台北企業總部園區,6,6,0,J1772、TYPE2,121.586727,25.059497,辦公區,商辦,臺北市,無
Ivan,TK11,AC+DC站,2023/08/31,燦坤_嘉義旗艦店,4,2,2,J1772、TYPE2、CCS1、CCS2,120.445196,23.491137,風景區,連鎖量販-燦坤,嘉義市,無
Ivan,TK12,純AC站,2023/08/31,燦坤_高雄新岡山店,3,3,0,J1772,120.291481,22.791363,商業區,連鎖量販-燦坤,高雄市,無
Kathy,EV89,純AC站,2023/09/20,台中林酒店,5,5,0,J1772、TYPE2,120.636991,24.165575,商業區,飯店,臺中市,無
Kathy,EV87,純AC站,2023/09/20,桃園鼎豐巧合停車場,4,4,0,J1772、TYPE2,121.30455,25.028585,交通幹道區,平面停車場,桃園市,無
Xana,7E06,純DC站,2023/09/20,7-11_台中成功嶺門市,2,0,2,CCS1、CCS2,120.5984,24.11108,住宅區,超商,臺中市,無
Lisa,FM00,純DC站,2023/09/20,全家_屏東車城風車店,2,0,2,CCS1、CCS2,120.713617,22.069418,交通幹道區,超商,屏東縣,無
Ivan,TK10,純AC站,2023/10/03,燦坤_彰化中正店,3,3,0,J1772、TYPE2,120.536632,24.072542,商業區,連鎖量販-燦坤,彰化縣,無
Ivan,EV85,AC+DC站,2023/10/03,台東航空站,5,3,2,J1772、TYPE2、CCS1、CHAdeMO,121.108201,22.755999,交通幹道區,景點,臺東縣,無
Ivan,EV82,AC+DC站,2023/10/05,嘉義吳鳳公園,10,6,4,J1772、TYPE2、CCS1、CCS2、CHAdeMO,120.53098,23.4419,風景區,景點,嘉義縣,無
Kathy,EV81,純AC站,2023/10/05,台南鼎豐湯城停車場,2,2,0,J1772、TYPE2,120.23298,22.99868,住宅區,平面停車場,臺南市,無
Kathy,EV91,純AC站,2023/11/14,新北市南林科技園區立體停車場(僅限內部員工使用),8,8,0,J1772、TYPE2,121.406994,25.044693,辦公區,商辦,新北市,無
Xana,7E11,純DC站,2023/11/23,7-11_台中建日門市,2,0,2,CCS1、CCS2,120.629516,24.109173,住宅區,超商,臺中市,無
Xana,ST00,純DC站,2023/11/28,星巴克_台中沙鹿北勢門市,4,0,4,CCS1、CCS2、CHAdeMO,120.573172,24.230648,住宅區,餐飲,臺中市,無
Xana,EV94,純AC站,2023/11/28,宜蘭玉蘭函館,1,1,0,J1772,121.59384,24.671154,風景區,民宿,宜蘭縣,無
Anita,EV95,純AC站,2023/11/30,台北市松山運動中心,2,2,0,J1772、TYPE2,121.550558,25.048603,住宅區,運動,臺北市,無
ivan,EV67,純DC站,2023/11/30,新焦點麗車坊_台南永華門市,2,0,2,CCS1、CCS2,120.186085,22.989094,住宅區,連鎖量販-麗車坊,臺南市,無
Xana,EV97,純AC站,2023/12/14,桃園名人堂花園大飯店,6,6,0,J1772、TYPE2,121.228871,24.844052,風景區,飯店,桃園市,無
Xana,EV96,純AC站,2023/12/14,宜蘭文青苑民宿(7/15、19~20不對外開放),1,1,0,J1772,121.752262,24.673473,風景區,民宿,宜蘭縣,無
Anita,FC06,純AC站,2023/12/19,輔大醫療大樓停車場(國璽樓),2,2,0,J1772,121.431625,25.038848,風景區,醫院,新北市,無
Ivan,MG00,純AC站,2023/12/20,MG順怡汽車_台中沙鹿,1,1,0,J1772,120.558848,24.230119,交通幹道區,車廠,臺中市,無
Kathy,EV93,純AC站,2023/12/27,旅幸福_台中館,2,2,0,J1772、TYPE2,120.684819,24.141148,商業區,飯店,臺中市,無
Xana,7E07,純DC站,2023/12/28,7-11_雲林保庄門市,2,0,2,CCS1、CCS2,120.530541,23.709253,住宅區,超商,雲林縣,無
Xana,7E10,純DC站,2023/12/29,7-11_新竹冠亨門市,2,0,2,CCS1、CCS2,120.931688,24.843499,交通幹道區,超商,新竹市,無
Xana,EV77,純AC站,2023/12/31,日月潭力麗溫德姆溫泉酒店,8,8,0,J1772、TYPE2,120.932005,23.847174,商業區,飯店,南投縣,無
Anita,EV99,純AC站,2024/01/19,桃園市八德國民運動中心,10,10,0,J1772、TYPE2,121.293229,24.960456,住宅區,運動,桃園市,無
Ivan,MG01,純AC站,2024/01/22,MG順怡汽車_彰化員林,1,1,0,J1772,120.569715,23.981324,交通幹道區,車廠,彰化縣,無
Xana,EA01,純AC站,2024/01/23,高雄華園親子飯店草衙館,2,2,0,J1772、TYPE2,120.330061,22.585046,風景區,飯店,高雄市,無
Ivan,EV92,純AC站,2024/02/01,桃園華泰名品城(一期),9,9,0,J1772、TYPE2,121.212073,25.013975,商業區,百貨,桃園市,無
Ivan,EA02,純AC站,2024/02/01,桃園華泰名品城(二期),6,6,0,J1772、TYPE2,121.214025,25.015963,商業區,百貨,桃園市,無
Ivan,EA03,純AC站,2024/02/01,桃園華泰名品城(三期),12,12,0,J1772、TYPE2,121.215447,25.017267,商業區,百貨,桃園市,無
Xana,EV90,純DC站,2024/02/06,屏東墾丁瑪雅之家,2,0,2,CCS1、CCS2,120.790892,21.949791,風景區,民宿,屏東縣,無
Anita,FC07,純AC站,2024/02/22,南投縣政府綜合大樓停車場,1,1,0,J1772,120.689504,23.903213,辦公區,政府機關,南投縣,無
Xana,EA04,純AC站,2024/03/13,高雄星澄風旅,2,2,0,J1772、TYPE2,120.29837,22.669993,住宅區,飯店,高雄市,無
無,FC08,純AC站,2024/03/20,Times_南門市場停車場,3,3,0,J1772,121.518395,25.032111,住宅區,市場,臺北市,無
Anita,EA05,純AC站,2024/03/29,台北市文山運動中心,2,2,0,J1772、TYPE2,121.558983,24.996976,住宅區,運動,臺北市,無
Lisa,EA06,純AC站,2024/04/17,台中巨大集團全球營運總部,6,6,0,J1772、TYPE2,120.611743,24.208351,辦公區,商辦,臺中市,無
Xana,SM02,純DC站,2024/04/19,統一精工_康橋商場停車場,4,0,4,CCS1、CCS2,120.234417,23.0207,住宅區,加油站,臺南市,無
Xana,EA07,純AC站,2024/04/26,新北大板根森林溫泉酒店,2,2,0,J1772、TYPE2,121.406605,24.870969,風景區,飯店,新北市,無
Kathy,EV98,純AC站,2024/05/03,全之駐國立臺南生活美學館停車場,4,4,0,J1772、TYPE2,120.187372,22.99222,風景區,景點,臺南市,無
Lisa,EA11,純AC站,2024/05/07,基隆樂利停車場,2,2,0,J1772、TYPE2,121.716684,25.126417,住宅區,平面停車場,基隆市,無
Xana,EA00,純AC站,2024/05/09,光隅民宿,2,2,0,J1772、TYPE2,120.717029,21.970254,風景區,民宿,屏東縣,無
Xana,EA10,純AC站,2024/05/09,礁溪冠翔泉旅,3,3,0,J1772、TYPE2,121.769209,24.827115,風景區,飯店,宜蘭縣,無
Lisa,EA19,純AC站,2024/06/05,臺灣永光化學公司第四廠,1,1,0,J1772,121.065098,25.037798,辦公區,商辦,桃園市,無
Lisa,KU00,純DC站,2024/06/06,藏壽司_羅東中山路店,2,0,2,CCS1、CCS2,121.778851,24.674767,交通幹道區,餐飲,宜蘭縣,無
Lisa,EV88,純DC站,2024/06/19,台北中崙第一停車場,6,0,6,CCS1、CCS2,121.539436,25.04568,住宅區,旗艦型快充站,臺北市,無
Anita,EA23,純AC站,2024/06/21,新北市青少年圖書館,2,2,0,J1772、TYPE2,121.51074,24.959752,住宅區,圖書館,新北市,無
Xana,SM00,純DC站,2024/06/26,統一精工速邁樂南屯,2,0,2,CCS1、CCS2,120.605939,24.161974,交通幹道區,加油站,臺中市,無
Ivan,EA25,純AC站,2024/06/28,新北三峽公有市場,2,2,0,J1772、TYPE2,121.370433,24.935345,住宅區,市場,新北市,無
Ivan,EA26,純AC站,2024/06/28,新北民享公有市場,2,2,0,J1772、TYPE2,121.474213,25.003116,住宅區,市場,新北市,無
Ivan,EA27,純AC站,2024/06/28,新北泰山公有市場,2,2,0,J1772、TYPE2,121.433439,25.056068,住宅區,市場,新北市,無
Xana,SM01,純DC站,2024/07/03,統一精工速邁樂新營二,2,0,2,CCS1、CCS2,120.31487,23.320732,交通幹道區,加油站,臺南市,無
Anita,FC10,AC+DC站,2024/07/03,高雄凹子底停5停車場,5,3,2,J1772、TYPE2、CCS1、CCS2,120.30681,22.675818,住宅區,平面停車場,高雄市,無
Lisa,KU01,純DC站,2024/07/09,藏壽司_沙鹿中山店,2,0,2,CCS1、CCS2,120.565054,24.248609,辦公區,餐飲,臺中市,無
Xana,EA28,純AC站,2024/07/31,屏東YOHO悠活渡假村,3,3,0,J1772、TYPE2,120.70539,21.997968,風景區,民宿,屏東縣,無
Anita,TP23,純AC站,2024/08/20,台北世貿公園地下停車場,14,14,0,J1772、TYPE2,121.614577,25.057756,辦公區,地下停車場,臺北市,台北市標案
Lisa,EA32,純AC站,2024/08/27,歐特儀股份有限公司鎮興停車場,2,2,0,J1772、TYPE2,120.31158,22.592859,住宅區,平面停車場,高雄市,無
Lisa,EA34,純AC站,2024/08/27,歐特儀股份有限公司鎮榮停車場,2,2,0,J1772、TYPE2,120.309666,22.58878,住宅區,平面停車場,高雄市,無
Lisa,EA40,純AC站,2024/08/29,高雄武廟停車場,10,10,0,J1772、TYPE2,120.33247,22.629107,商業區,平面停車場,高雄市,無
Lisa,EA46,純AC站,2024/08/29,歐特儀股份有限公司瑞豐停車場(A區),2,2,0,J1772、TYPE2,120.335805,22.606524,風景區,平面停車場,高雄市,無
Lisa,EA38,純AC站,2024/08/30,大東文化藝術中心地下停車場,5,5,0,J1772、TYPE2,120.362217,22.624317,住宅區,地下停車場,高雄市,無
Lisa,EA42,純AC站,2024/08/30,歐特儀股份有限公司后安停車場,2,2,0,J1772、TYPE2,120.32204,22.573627,交通幹道區,平面停車場,高雄市,無
Anita,FC09,AC+DC站,2024/09/02,台中港旅客服務中心停車場,11,3,8,J1772、CCS1、CCS2,120.521866,24.260513,商業區,景點,臺中市,無
Lisa,EA35,純AC站,2024/09/10,歐特儀股份有限公司旗津老街停車場,2,2,0,J1772、TYPE2,120.268187,22.610468,交通幹道區,平面停車場,高雄市,無
Lisa,EA37,純AC站,2024/09/10,歐特儀股份有限公司中光停車場,1,1,0,J1772,120.355702,22.57171,住宅區,平面停車場,高雄市,無
Lisa,EA36,純AC站,2024/09/10,歐特儀股份有限公司仁愛三街停車場,1,1,0,J1772,120.311049,22.615391,住宅區,平面停車場,高雄市,無
Lisa,EA33,純AC站,2024/09/10,歐特儀股份有限公司鎮賢停車場,1,1,0,J1772,120.309379,22.58981,住宅區,平面停車場,高雄市,無
Lisa,EA39,純AC站,2024/09/11,歐特儀股份有限公司時代大道停車場,3,3,0,J1772、TYPE2,120.308768,22.596398,商業區,平面停車場,高雄市,無
Lisa,EA55,純AC站,2024/09/11,歐特儀股份有限公司店北停車場,1,1,0,TYPE2,120.351458,22.562707,住宅區,平面停車場,高雄市,無
Lisa,EA50,純AC站,2024/09/11,歐特儀股份有限公司瑞泰停車場,2,2,0,J1772、TYPE2,120.335113,22.607059,風景區,平面停車場,高雄市,無
Lisa,EA49,純AC站,2024/09/11,歐特儀股份有限公司德昌停車場,2,2,0,J1772、TYPE2,120.316804,22.583782,交通幹道區,平面停車場,高雄市,無
Lisa,EA48,純AC站,2024/09/11,歐特儀股份有限公司成功二路停車場,4,4,0,J1772、TYPE2,120.304779,22.595047,商業區,平面停車場,高雄市,無
Anita,EA22,純AC站,2024/09/12,新北市林口國民運動中心,2,2,0,J1772、TYPE2,121.380713,25.086989,住宅區,運動,新北市,無
Anita,EA24,純AC站,2024/09/18,宏匯思源i-Tower大樓,7,7,0,J1772、TYPE2,121.459033,25.057376,辦公區,商辦,新北市,無
Lisa,EA31,純AC站,2024/09/19,歐特儀股份有限公司凱旋三路停車場,1,1,0,TYPE2,120.325197,22.608479,住宅區,平面停車場,高雄市,無
Lisa,EA53,純AC站,2024/09/19,高雄自強停車場,10,10,0,J1772、TYPE2,120.29386,22.631121,商業區,平面停車場,高雄市,無
Lisa,EA30,純AC站,2024/09/19,財稅大樓停車場,3,3,0,J1772、TYPE2,120.309682,22.630652,商業區,平面停車場,高雄市,無
Lisa,EA57,純AC站,2024/09/24,歐特儀_捷運新店站轉乘停車場,5,5,0,J1772、TYPE2,121.537433,24.956991,商業區,平面停車場,新北市,無
Lisa,EA52,純AC站,2024/09/25,歐特儀股份有限公司崗山仔公園停車場,6,6,0,J1772、TYPE2,120.336988,22.605911,風景區,平面停車場,高雄市,無
Lisa,EA41,純AC站,2024/09/25,光武國小體操館地下停車場,3,3,0,J1772、TYPE2,120.33517,22.639525,住宅區,地下停車場,高雄市,無
Anita,FC13,純DC站,2024/10/01,宜蘭縣皇家花園餐廳停車場,2,0,2,CCS1、CCS2,121.78724,24.837289,交通幹道區,餐飲,宜蘭縣,無
Lisa,EA58,純AC站,2024/10/04,歐特儀_捷運南勢角站轉乘停車場,7,7,0,J1772、TYPE2,121.508413,24.990708,住宅區,平面停車場,新北市,無
Lisa,EA56,純AC站,2024/10/18,歐特儀_捷運木柵站轉乘停車場,3,3,0,J1772、TYPE2,121.573167,24.998052,住宅區,平面停車場,臺北市,無
Anita,EA66,純AC站,2024/10/23,MITSUI OUTLET PARK 林口Ⅱ館,23,23,0,J1772、TYPE2,121.36461,25.067742,商業區,百貨,新北市,無
Anita,FC15,純AC站,2024/10/24,禾馨安和婦幼診所,1,1,0,J1772,120.62298,24.175453,辦公區,醫院,臺中市,無
Anita,KA00,純DC站,2024/11/04,KIA_高雄民族展示中心,2,0,2,CCS1,120.316242,22.662546,住宅區,車廠,高雄市,無
Lisa,EA43,純AC站,2024/11/05,歐特儀股份有限公司華山停車場,1,1,0,J1772,120.36599,22.568213,住宅區,平面停車場,高雄市,無
Lisa,EA44,純AC站,2024/11/05,歐特儀股份有限公司瑞福停車場(A區),2,2,0,J1772、TYPE2,120.335364,22.607704,風景區,平面停車場,高雄市,無
Lisa,EA45,純AC站,2024/11/05,歐特儀股份有限公司瑞福停車場(B區),2,2,0,J1772、TYPE2,120.335165,22.607865,住宅區,平面停車場,高雄市,無
Lisa,EA47,純AC站,2024/11/05,歐特儀股份有限公司瑞豐停車場(B區),2,2,0,J1772、TYPE2,120.33535,22.60706,風景區,平面停車場,高雄市,無
Kathy,EA29,純AC站,2024/11/06,台北萬華車站地下停車場,6,6,0,J1772、TYPE2,121.499349,25.033491,住宅區,地下停車場,臺北市,無
Ivan,NT43,純AC站,2024/11/08,新北五股區工商路立體停車場,4,4,0,J1772、TYPE2,121.43953,25.083255,住宅區,立體停車場,新北市,新北市標案
Ivan,NT48,純AC站,2024/11/08,新北義學立體停車場,2,2,0,J1772、TYPE2,121.427472,25.050096,住宅區,立體停車場,新北市,新北市標案
Ivan,NT41,純AC站,2024/11/13,新北捷運幸福站立體停車場,3,3,0,J1772、TYPE2,121.460467,25.050109,住宅區,立體停車場,新北市,新北市標案
Lisa,NT34,純AC站,2024/11/13,新北江翠國小地下停車場,2,2,0,J1772、TYPE2,121.473845,25.033357,住宅區,地下停車場,新北市,新北市標案
Kathy,EA68,純AC站,2024/11/13,宜蘭羅東南門地下停車場,6,6,0,J1772、TYPE2,121.773379,24.672967,風景區,地下停車場,宜蘭縣,無
Kathy,EA67,純AC站,2024/11/13,宜蘭羅東聖母醫院,2,2,0,J1772、TYPE2,121.770755,24.671363,交通幹道區,醫院,宜蘭縣,無
Lisa,NT46,純AC站,2024/11/14,新北停三立體停車場,3,3,0,J1772、TYPE2,121.389284,25.078752,住宅區,立體停車場,新北市,新北市標案
Ivan,NT68,純AC站,2024/11/14,新北市中正停車場,2,2,0,J1772、TYPE2,121.503153,25.254658,住宅區,平面停車場,新北市,新北市標案
Lisa,NT32,純AC站,2024/11/15,新北江翠國中游泳池共構地下停車場,3,3,0,J1772、TYPE2,121.468499,25.027882,住宅區,地下停車場,新北市,新北市標案
Ivan,NT53,純AC站,2024/11/15,新北市瑞芳區立體停車場,2,2,0,J1772、TYPE2,121.809347,25.108253,風景區,立體停車場,新北市,新北市標案
Ivan,NT63,純AC站,2024/11/15,新北市頭前國中地下停車場,2,2,0,J1772、TYPE2,121.458088,25.055071,住宅區,地下停車場,新北市,新北市標案
Ivan,NT0k,純AC站,2024/11/19,新北市新莊國中運動場地下停車場,4,4,0,J1772、TYPE2,121.451316,25.034264,商業區,地下停車場,新北市,新北市標案
Ivan,NT66,純AC站,2024/11/19,新北市新莊運動公園地下停車場,8,8,0,J1772、TYPE2,121.447791,25.042413,住宅區,地下停車場,新北市,新北市標案
Ivan,NT15,純AC站,2024/11/19,新北光榮國小地下停車場,6,6,0,J1772、TYPE2,121.500557,25.072308,住宅區,地下停車場,新北市,新北市標案
Ivan,NT13,純AC站,2024/11/19,新北三重商工地下停車場,6,6,0,J1772、TYPE2,121.482649,25.070585,住宅區,地下停車場,新北市,新北市標案
Kathy,EA59,純AC站,2024/11/19,辰淵_高雄左營實踐停車場,2,2,0,J1772、TYPE2,120.289596,22.690348,交通幹道區,平面停車場,高雄市,無
Kathy,EA60,純AC站,2024/11/19,辰淵_高雄左營啟文停車場,2,2,0,J1772、TYPE2,120.283603,22.673904,住宅區,平面停車場,高雄市,無
Kathy,EA61,純AC站,2024/11/20,辰淵_高雄左營海功立體停車場,10,10,0,J1772、TYPE2,120.294069,22.693622,交通幹道區,立體停車場,高雄市,無
Ivan,NT58,純AC站,2024/11/20,新北市溪墘地下停車場,2,2,0,J1772、TYPE2,121.476246,25.079636,住宅區,地下停車場,新北市,新北市標案
Ivan,NT65,純AC站,2024/11/20,新北市民安國民小學地下停車場,4,4,0,J1772、TYPE2,121.428446,25.022126,住宅區,地下停車場,新北市,新北市標案
Kathy,EA65,純AC站,2024/11/20,國立台灣大學_新南地下停車場,3,3,0,J1772、TYPE2,121.533845,25.01914,住宅區,大專院校,臺北市,無
Kathy,EA64,純AC站,2024/11/21,國立台灣大學_水源校區臨時停車場,4,4,0,J1772、TYPE2,121.529843,25.013827,住宅區,大專院校,臺北市,無
Kathy,EA62,純AC站,2024/11/21,國立台灣大學_芳蘭第一平面停車場,1,1,0,J1772,121.544421,25.011922,住宅區,大專院校,臺北市,無
Ivan,NT99,純AC站,2024/11/21,新北市三民立體停車場,2,2,0,J1772、TYPE2,121.439186,25.172644,風景區,立體停車場,新北市,新北市標案
Ivan,NT51,純AC站,2024/11/21,新北市水碓立體停車場,4,4,0,J1772、TYPE2,121.443584,25.178233,住宅區,立體停車場,新北市,新北市標案
Ivan,NT52,純AC站,2024/11/21,新北市民生立體停車場,2,2,0,J1772、TYPE2,121.461791,25.137999,住宅區,立體停車場,新北市,新北市標案
Ivan,NT61,純AC站,2024/11/21,新北市金山立體停車場,4,4,0,J1772、TYPE2,121.641663,25.220227,風景區,立體停車場,新北市,新北市標案
Ivan,NT69,純AC站,2024/11/25,新北三峽國小地下停車場,2,2,0,J1772、TYPE2,121.370076,24.93458,住宅區,地下停車場,新北市,新北市標案
Lisa,NT82,純AC站,2024/11/22,新北中和地政事務所及稅捐稽徵處,2,2,0,J1772、TYPE2,121.502334,24.990792,住宅區,平面停車場,新北市,新北市標案
Lisa,NT22,純AC站,2024/11/22,新北市民廣場地下停車場,4,4,0,J1772、TYPE2,121.465669,25.014099,商業區,地下停車場,新北市,新北市標案
Lisa,NT30,純AC站,2024/11/25,新北市立圖書館地下停車場,2,2,0,J1772、TYPE2,121.455095,25.001393,住宅區,地下停車場,新北市,新北市標案
Ivan,NT55,純AC站,2024/11/22,新北市鷺江立體停車場,4,4,0,J1772、TYPE2,121.476735,25.086046,住宅區,立體停車場,新北市,新北市標案
Lisa,NT31,純AC站,2024/11/25,新北板橋高中地下停車場,2,2,0,J1772、TYPE2,121.458289,25.012112,住宅區,地下停車場,新北市,新北市標案
Lisa,NT80,純AC站,2024/11/26,新北中和國小地下停車場,4,4,0,J1772、TYPE2,121.499909,24.998571,商業區,地下停車場,新北市,新北市標案
Lisa,NT77,純AC站,2024/11/26,新北員和公園地下停車場,2,2,0,J1772、TYPE2,121.442969,24.978827,住宅區,地下停車場,新北市,新北市標案
Lisa,NT79,純AC站,2024/11/26,新北高工地下停車場,5,5,0,J1772、TYPE2,121.448808,24.983839,住宅區,地下停車場,新北市,新北市標案
Ivan,NT01,純AC站,2024/11/28,新北龍門公園地下停車場,2,2,0,J1772、TYPE2,121.49847,25.074325,商業區,地下停車場,新北市,新北市標案
Ivan,NT04,純AC站,2024/11/27,新北五常地下停車場,2,2,0,J1772、TYPE2,121.496408,25.080731,住宅區,地下停車場,新北市,新北市標案
Lisa,NT18,純AC站,2024/11/27,新北板橋國小地下停車場,4,4,0,J1772、TYPE2,121.456409,25.012013,住宅區,地下停車場,新北市,新北市標案
Lisa,NT19,純AC站,2024/11/28,新北特專三臨時平面停車場,2,2,0,J1772、TYPE2,121.465581,25.016363,住宅區,平面停車場,新北市,新北市標案
Lisa,NT20,純AC站,2024/11/27,新北重慶公園地下停車場,2,2,0,J1772、TYPE2,121.463728,24.999861,住宅區,地下停車場,新北市,新北市標案
Lisa,NT23,純AC站,2024/11/27,新北板橋國民中學地下停車場,3,3,0,J1772、TYPE2,121.454335,25.025236,住宅區,地下停車場,新北市,新北市標案
Lisa,NT36,純AC站,2024/11/28,新北音樂公園地下停車場,3,3,0,J1772、TYPE2,121.480036,25.02822,住宅區,地下停車場,新北市,新北市標案
Ivan,NT40,純AC站,2024/11/28,新北八里區第一立體停車場,11,11,0,J1772、TYPE2,121.400127,25.146544,住宅區,立體停車場,新北市,新北市標案
Lisa,NT45,純AC站,2024/11/28,新北水柳腳立體停車場,4,4,0,J1772、TYPE2,121.71046,24.935442,住宅區,立體停車場,新北市,新北市標案
Ivan,NT56,純AC站,2024/11/28,新北市成功地下停車場,2,2,0,J1772、TYPE2,121.458132,25.084956,住宅區,地下停車場,新北市,新北市標案
Lisa,NT90,純AC站,2024/11/28,新北永和國小地下停車場,4,4,0,J1772、TYPE2,121.517269,25.00182,風景區,地下停車場,新北市,新北市標案
Lisa,NT35,純AC站,2024/11/30,新北中山國小地下停車場,4,4,0,J1772、TYPE2,121.448553,25.001169,住宅區,地下停車場,新北市,新北市標案
Ivan,NT64,純AC站,2024/11/30,新北台65高架橋下停車場,1,1,0,J1772,121.442033,25.044251,住宅區,平面停車場,新北市,新北市標案
Ivan,NT0M,純AC站,2024/11/30,新北正義國小地下停車場,2,2,0,J1772、TYPE2,121.495244,25.064597,住宅區,地下停車場,新北市,新北市標案
Lisa,NT26,純AC站,2024/11/29,新北民權立體停車場,2,2,0,J1772、TYPE2,121.460475,25.011991,住宅區,立體停車場,新北市,新北市標案
Lisa,NT74,純AC站,2024/11/29,新北延吉立體停車場,2,2,0,J1772、TYPE2,121.469296,24.987509,住宅區,立體停車場,新北市,新北市標案
Lisa,NT38,純AC站,2024/11/30,新北忠孝國民中學地下停車場,4,4,0,J1772、TYPE2,121.462235,25.004151,交通幹道區,地下停車場,新北市,新北市標案
Lisa,NT44,純AC站,2024/11/29,新北智興立體停車場,4,4,0,J1772、TYPE2,121.657151,25.064006,住宅區,立體停車場,新北市,新北市標案
Lisa,NT75,純AC站,2024/11/30,新北裕生立體停車場,2,2,0,J1772、TYPE2,121.44684,24.98447,住宅區,立體停車場,新北市,新北市標案
Ivan,NT05,純AC站,2024/11/30,新北聯邦公園地下停車場,2,2,0,J1772、TYPE2,121.484092,25.063818,住宅區,地下停車場,新北市,新北市標案
Ivan,NT0O,純AC站,2024/12/03,新北中港平面停車場,1,1,0,J1772,121.453007,25.044616,住宅區,平面停車場,新北市,新北市標案
Lisa,NT0G,純AC站,2024/12/03,新北第七立體停車場,2,2,0,J1772、TYPE2,121.419697,24.990625,住宅區,立體停車場,新北市,新北市標案
Ivan,NT12,純AC站,2024/12/03,新北碧華國小地下停車場,2,2,0,J1772、TYPE2,121.489026,25.084461,住宅區,地下停車場,新北市,新北市標案
Ivan,TK15,純AC站,2024/12/04,燦坤_高雄五甲店,2,2,0,J1772、TYPE2,120.339031,22.600355,住宅區,連鎖量販-燦坤,高雄市,無
Ivan,TK16,AC+DC站,2024/12/04,燦坤_新北新四維店,4,2,2,J1772、TYPE2、CCS1、CCS2,121.420967,25.019929,住宅區,連鎖量販-燦坤,新北市,無
Ivan,NT60,純AC站,2024/12/04,新北市永康公園地下停車場,2,2,0,J1772、TYPE2,121.458347,25.084557,住宅區,地下停車場,新北市,新北市標案
Lisa,NT25,純AC站,2024/12/04,新北民生公園地下停車場,3,3,0,J1772、TYPE2,121.475675,25.013311,住宅區,地下停車場,新北市,新北市標案
Lisa,NT0L,純AC站,2024/12/04,新北江翠102平面停車場,2,2,0,J1772、TYPE2,121.468691,25.033765,住宅區,平面停車場,新北市,新北市標案
Lisa,NT29,純AC站,2024/12/04,新北府後立體停車場,2,2,0,J1772、TYPE2,121.458657,25.010301,住宅區,立體停車場,新北市,新北市標案
Lisa,NT24,純AC站,2024/12/04,新北臺北紙廠停車場,1,1,0,J1772,121.44456,25.0035,住宅區,平面停車場,新北市,新北市標案
Lisa,NT97,純AC站,2024/12/05,新北大豐地下停車場,2,2,0,J1772、TYPE2,121.538394,24.977241,住宅區,地下停車場,新北市,新北市標案
Ivan,NT59,純AC站,2024/12/05,新北市仁愛立體停車場,2,2,0,J1772、TYPE2,121.471447,25.0908,住宅區,立體停車場,新北市,新北市標案
Ivan,NT54,純AC站,2024/12/05,新北市蘆洲國小地下停車場,2,2,0,J1772、TYPE2,121.469937,25.084184,住宅區,地下停車場,新北市,新北市標案
Ivan,NT11,純AC站,2024/12/05,新北光興國小地下停車場,2,2,0,J1772、TYPE2,121.499305,25.060173,住宅區,地下停車場,新北市,新北市標案
Lisa,NT0F,純AC站,2024/12/05,新北綠湖公園地下停車場,6,6,0,J1772、TYPE2,121.546333,24.979579,商業區,地下停車場,新北市,新北市標案
Anita,TP22,純AC站,2024/12/06,台北南港國小地下停車場,8,8,0,J1772、TYPE2,121.611191,25.056423,住宅區,地下停車場,臺北市,台北市標案
Anita,TP26,純AC站,2024/12/06,台北興中立體停車場,16,16,0,J1772、TYPE2,121.60644,25.056011,住宅區,立體停車場,臺北市,台北市標案
Lisa,NT50,純AC站,2024/12/08,新北三民地下停車場,2,2,0,J1772、TYPE2,121.537333,24.971019,風景區,地下停車場,新北市,新北市標案
Lisa,NT70,純AC站,2024/12/08,新北中洲平面停車場,2,2,0,J1772、TYPE2,121.414198,24.957872,住宅區,平面停車場,新北市,新北市標案
Lisa,NT33,純AC站,2024/12/08,新北四維公園地下停車場,10,10,0,J1772、TYPE2,121.463891,25.02563,住宅區,地下停車場,新北市,新北市標案
Lisa,NT81,純AC站,2024/12/08,新北民樂立體停車場,2,2,0,J1772、TYPE2,121.483546,25.001583,住宅區,立體停車場,新北市,新北市標案
Lisa,NT0A,純AC站,2024/12/08,新北安康立體停車場,2,2,0,J1772、TYPE2,121.512632,24.962686,住宅區,立體停車場,新北市,新北市標案
Lisa,NT92,純AC站,2024/12/08,新北秀朗國民小學地下停車場,6,6,0,J1772、TYPE2,121.520332,24.998833,住宅區,地下停車場,新北市,新北市標案
Lisa,NT0N,純AC站,2024/12/08,新北頂溪國小地下停車場,4,4,0,J1772、TYPE2,121.510753,25.015622,住宅區,地下停車場,新北市,新北市標案
Lisa,NT91,純AC站,2024/12/08,新北福和國中地下停車場,6,6,0,J1772、TYPE2,121.522887,25.004688,商業區,地下停車場,新北市,新北市標案
Lisa,NT98,純AC站,2024/12/09,新北中興低碳立體停車場,6,6,0,J1772、TYPE2,121.547288,24.977152,商業區,立體停車場,新北市,新北市標案
Lisa,NT39,純AC站,2024/12/09,新北五權公園地下停車場,7,7,0,J1772、TYPE2,121.465551,24.993075,住宅區,地下停車場,新北市,新北市標案
Lisa,NT28,純AC站,2024/12/09,新北華東平面停車場,2,2,0,J1772、TYPE2,121.450822,24.995845,住宅區,平面停車場,新北市,新北市標案
Anita,TP28,純AC站,2024/12/15,台北東湖國小地下停車場 ,10,10,0,J1772、TYPE2,121.616038,25.068358,住宅區,地下停車場,臺北市,台北市標案
Kathy,EA63,純AC站,2024/12/15,國立台灣大學_生醫工程館地下停車場,3,3,0,J1772、TYPE2,121.546891,25.014136,住宅區,大專院校,臺北市,無
Ivan,NT00,純AC站,2024/12/15,新北永福國小地下停車場,4,4,0,J1772、TYPE2,121.479728,25.077617,商業區,地下停車場,新北市,新北市標案
Ivan,NT02,純AC站,2024/12/15,新北二重國中地下停車場,4,4,0,J1772、TYPE2,121.479652,25.064761,風景區,地下停車場,新北市,新北市標案
Ivan,NT03,純AC站,2024/12/15,新北厚德國小地下停車場,2,2,0,J1772、TYPE2,121.490182,25.071788,住宅區,地下停車場,新北市,新北市標案
Ivan,NT06,純AC站,2024/12/15,新北正義公園地下停車場,2,2,0,J1772、TYPE2,121.497753,25.068702,住宅區,地下停車場,新北市,新北市標案
Ivan,NT07,純AC站,2024/12/15,新北溪美立體停車場,2,2,0,J1772、TYPE2,121.490593,25.078727,住宅區,立體停車場,新北市,新北市標案
Ivan,NT47,純AC站,2024/12/15,新北楓樹腳公園地下停車場,2,2,0,J1772、TYPE2,121.434631,25.062149,住宅區,地下停車場,新北市,新北市標案
Ivan,NT09,純AC站,2024/12/15,新北三張公園地下停車場,2,2,0,J1772、TYPE2,121.490718,25.070902,住宅區,地下停車場,新北市,新北市標案
Ivan,NT16,純AC站,2024/12/15,新北興穀國小地下停車場,2,2,0,J1772、TYPE2,121.47428,25.050496,風景區,地下停車場,新北市,新北市標案
Lisa,NT76,純AC站,2024/12/15,新北學成公園地下停車場,2,2,0,J1772、TYPE2,121.451282,24.9881,住宅區,地下停車場,新北市,新北市標案
Lisa,NT37,純AC站,2024/12/15,新北新埔國小地下停車場,4,4,0,J1772、TYPE2,121.462579,25.026576,住宅區,地下停車場,新北市,新北市標案
Lisa,NT21,純AC站,2024/12/15,新北華翠橋下平面停車場,2,2,0,J1772、TYPE2,121.477266,25.021908,住宅區,平面停車場,新北市,新北市標案
Lisa,NT83,純AC站,2024/12/15,新北圓通平面停車場,2,2,0,J1772、TYPE2,121.488048,24.988165,住宅區,平面停車場,新北市,新北市標案
Lisa,NT0D,純AC站,2024/12/15,新北安和公園臨時平面停車場,2,2,0,J1772、TYPE2,121.519233,24.973327,交通幹道區,平面停車場,新北市,新北市標案
Ivan,NT0J,純AC站,2024/12/15,新北三鶯轉運站平面停車場,2,2,0,J1772、TYPE2,121.358002,24.954557,風景區,平面停車場,新北市,新北市標案
Ivan,NT14,純AC站,2024/12/15,新北二重公園地下停車場,4,4,0,J1772、TYPE2,121.475227,25.066316,住宅區,地下停車場,新北市,新北市標案
Lisa,NT78,純AC站,2024/12/15,新北中央公園地下停車場,4,4,0,J1772、TYPE2,121.444762,24.98315,住宅區,地下停車場,新北市,新北市標案
Lisa,NT94,純AC站,2024/12/15,新北網溪國小地下停車場,4,4,0,J1772、TYPE2,121.519858,25.013837,住宅區,地下停車場,新北市,新北市標案
Lisa,NT0C,純AC站,2024/12/15,新北寶橋立體停車場,4,4,0,J1772、TYPE2,121.545719,24.974504,住宅區,立體停車場,新北市,新北市標案
Lisa,NT27,純AC站,2024/12/15,新北萬板高架橋下停車場,2,2,0,J1772、TYPE2,121.481012,25.026614,住宅區,平面停車場,新北市,新北市標案
Lisa,NT88,純AC站,2024/12/15,新北佳和公園地下停車場,6,6,0,J1772、TYPE2,121.502912,25.004855,住宅區,地下停車場,新北市,新北市標案
Ivan,NT0P,純AC站,2024/12/15,新北公八公園平面停車場,1,1,0,J1772,121.342511,24.95554,住宅區,平面停車場,新北市,新北市標案
Anita,FC16,純AC站,2024/12/15,頂豐_松義站停車場,1,1,0,J1772,121.168365,24.96033,住宅區,平面停車場,桃園市,無
Ivan,NT62,純AC站,2024/12/15,新北市後港公園地下停車場,4,4,0,J1772、TYPE2,121.424011,25.026071,住宅區,地下停車場,新北市,新北市標案
Lisa,NT72,純AC站,2024/12/15,新北永豐平面停車場,1,1,0,J1772,121.464622,24.986957,住宅區,平面停車場,新北市,新北市標案
Lisa,NT86,純AC站,2024/12/15,新北秀山公園地下停車場,4,4,0,J1772、TYPE2,121.523581,24.995689,住宅區,地下停車場,新北市,新北市標案
Lisa,NT71,純AC站,2024/12/15,新北金城立體停車場,4,4,0,J1772、TYPE2,121.458552,24.983809,住宅區,立體停車場,新北市,新北市標案
Lisa,NT87,純AC站,2024/12/15,新北景新立體停車場,2,2,0,J1772、TYPE2,121.513224,24.989691,商業區,立體停車場,新北市,新北市標案
Lisa,NT0H,純AC站,2024/12/15,新北樹林藝文綜合行政大樓地下停車場,3,3,0,J1772、TYPE2,121.428787,24.996278,商業區,地下停車場,新北市,新北市標案
Lisa,NT0B,純AC站,2024/12/17,新北北新地下停車場,2,2,0,J1772、TYPE2,121.54256,24.9682,住宅區,地下停車場,新北市,新北市標案
Lisa,NT84,純AC站,2024/12/17,新北民德立體停車場,2,2,0,J1772、TYPE2,121.468304,24.999167,住宅區,立體停車場,新北市,新北市標案
Lisa,NT73,純AC站,2024/12/17,新北明德平面停車場,1,1,0,J1772,121.466671,24.983668,住宅區,平面停車場,新北市,新北市標案
Lisa,NT89,純AC站,2024/12/17,新北錦和運動公園地下停車場,11,11,0,J1772、TYPE2,121.490762,24.992314,交通幹道區,地下停車場,新北市,新北市標案
Ivan,NT17,純AC站,2024/12/18,新北重陽公園地下停車場,6,6,0,J1772、TYPE2,121.483176,25.057609,住宅區,地下停車場,新北市,新北市標案
Ivan,NT08,純AC站,2024/12/19,新北中山立體停車場,4,4,0,J1772、TYPE2,121.489604,25.061005,住宅區,立體停車場,新北市,新北市標案
Kathy,EA85,AC+DC站,2024/12/20,歐特儀_台中航空站國際航廈停車場,4,2,2,J1772、TYPE2、CCS1、CCS2,120.598628,24.252886,住宅區,平面停車場,臺中市,無
Lisa,EA21,AC+DC站,2024/12/21,歐特儀股份有限公司旗津海岸停車場,10,2,8,J1772、TYPE2、CCS1、CCS2,120.26928,22.608817,風景區,平面停車場,高雄市,無
Anita,TP31,純AC站,2024/12/20,台北大豐公園地下停車場,6,6,0,J1772、TYPE2,121.504233,25.131049,住宅區,地下停車場,臺北市,台北市標案
Anita,TP32,純AC站,2024/12/20,台北立農公園地下停車場,5,5,0,J1772、TYPE2,121.503008,25.118545,住宅區,地下停車場,臺北市,台北市標案
Ivan,NT57,純AC站,2024/12/22,新北市立鷺江國民中學地下停車場,2,2,0,J1772、TYPE2,121.460765,25.090338,住宅區,地下停車場,新北市,新北市標案
Lisa,NT85,純AC站,2024/12/20,新北民享公園地下停車場,2,2,0,J1772、TYPE2,121.47562,25.003547,住宅區,地下停車場,新北市,新北市標案
Lisa,NT0I,純AC站,2024/12/20,新北長壽公園地下停車場,6,6,0,J1772、TYPE2,121.421553,24.991795,住宅區,地下停車場,新北市,新北市標案
Ivan,NT95,純AC站,2024/12/20,新北烏來立體停車場,4,4,0,J1772、TYPE2,121.551642,24.865513,風景區,立體停車場,新北市,新北市標案
Kathy,EA81,純AC站,2024/12/27,台中正心停車場,6,6,0,J1772、TYPE2,120.649114,24.135945,住宅區,立體停車場,臺中市,無
Kathy,EA84,純AC站,2024/12/27,台中東榮立體停車場,6,6,0,J1772、TYPE2,120.691815,24.109325,住宅區,立體停車場,臺中市,無
Ivan,NT67,純AC站,2024/12/27,新北市中山停車場,2,2,0,J1772、TYPE2,121.500262,25.259009,風景區,平面停車場,新北市,新北市標案
Ivan,NT96,純AC站,2024/12/27,新北兒童遊戲場地下停車場,2,2,0,J1772、TYPE2,121.615591,25.001815,商業區,地下停車場,新北市,新北市標案
Lisa,NT0E,純AC站,2024/12/27,新北新店高中地下停車場,4,4,0,J1772、TYPE2,121.534123,24.974231,商業區,地下停車場,新北市,新北市標案
Ivan,NT49,純AC站,2024/12/27,新北澳底公園地下停車場,2,2,0,J1772、TYPE2,121.925193,25.053703,風景區,地下停車場,新北市,新北市標案
Anita,TP21,純AC站,2024/12/31,台北玉成公園地下停車場,10,10,0,J1772、TYPE2,121.587203,25.042324,住宅區,地下停車場,臺北市,台北市標案
Anita,TP27,純AC站,2024/12/31,台北洲子立體停車場,10,10,0,J1772、TYPE2,121.569285,25.079697,辦公區,立體停車場,臺北市,台北市標案
Ivan,TK14,純DC站,2025/01/09,燦坤_高雄右昌店,2,0,2,CCS1、CCS2,120.290861,22.722091,商業區,連鎖量販-燦坤,高雄市,無
Lisa,NT93,純AC站,2025/01/09,新北仁愛公園地下停車場,2,2,0,J1772、TYPE2,121.506209,25.010088,交通幹道區,地下停車場,新北市,新北市標案
Lisa,TD00,純AC站,2025/01/15,台東火車站D區停車場,3,3,0,J1772,121.124501,22.791544,交通幹道區,平面停車場,臺東縣,臺東縣標案
Lisa,TD01,純AC站,2025/01/15,台東波浪屋停車場,4,4,0,J1772,121.147261,22.753477,商業區,平面停車場,臺東縣,臺東縣標案
Lisa,TD02,純AC站,2025/01/15,台東南昌街停車場,3,3,0,J1772,121.149913,22.749317,住宅區,平面停車場,臺東縣,臺東縣標案
Lisa,TD03,純AC站,2025/01/15,台東柳州街停車場,5,5,0,J1772,121.135972,22.749861,住宅區,平面停車場,臺東縣,臺東縣標案
Lisa,TD05,AC+DC站,2025/01/15,臺東森林公園,7,5,2,J1772、CCS1、CCS2,121.15795,22.762777,交通幹道區,公園,臺東縣,臺東縣標案
Ivan,MG03,純AC站,2025/01/16,MG順怡汽車_台中南屯,1,1,0,J1772,120.626324,24.14509,住宅區,車廠,臺中市,無
Lisa,EA13,純AC站,2025/01/17,成睿_龍安一停車場,1,1,0,J1772,121.280954,24.991364,住宅區,平面停車場,桃園市,無
Lisa,EA14,純AC站,2025/01/17,成睿_建國停車場,2,2,0,TYPE2,121.315631,24.984902,住宅區,平面停車場,桃園市,無
Lisa,EA15,純AC站,2025/01/17,成睿_吉安停車場,1,1,0,J1772,121.291995,25.004735,住宅區,平面停車場,桃園市,無
Lisa,EA16,純AC站,2025/01/17,成睿_青溪停車場,2,2,0,TYPE2,121.321573,24.996375,交通幹道區,平面停車場,桃園市,無
Lisa,EA18,純AC站,2025/01/17,成睿_龍安二停車場,1,1,0,J1772,121.278204,24.990374,住宅區,平面停車場,桃園市,無
Lisa,NT42,純DC站,2025/01/22,新北林口公車轉運站平面停車場,2,0,2,CCS1、CCS2,121.361835,25.065977,交通幹道區,平面停車場,新北市,新北市標案
Ivan,TK17,純DC站,2025/01/23,燦坤_台南安南店,2,0,2,CCS1、CCS2,120.191077,23.026098,交通幹道區,連鎖量販-燦坤,臺南市,無
Kathy,EA87,純AC站,2025/01/24,屏東衛生局停車場,4,4,0,J1772、TYPE2,120.496933,22.675421,辦公區,政府機關,屏東縣,無
Kathy,EB21,純AC站,2025/01/24,歐特儀_台中三塊厝停車場,1,1,0,J1772,120.632223,24.148119,交通幹道區,平面停車場,臺中市,無
Kathy,EB06,純AC站,2025/01/24,歐特儀_台中中央公園地下停車場,12,12,0,J1772、TYPE2,120.658413,24.180007,交通幹道區,地下停車場,臺中市,無
Kathy,EB04,純AC站,2025/01/24,歐特儀_台中中央公園南側停車場,8,8,0,J1772、TYPE2,120.65546,24.174041,交通幹道區,平面停車場,臺中市,無
Kathy,EB05,純AC站,2025/01/24,歐特儀_台中中華停車場,4,4,0,J1772、TYPE2,120.67801,24.147225,風景區,平面停車場,臺中市,無
Kathy,EB16,純AC站,2025/01/24,歐特儀_台中文心森林公園停車場,1,1,0,J1772,120.643492,24.145405,住宅區,平面停車場,臺中市,無
Kathy,EB07,純AC站,2025/01/24,歐特儀_台中牛罵頭停車場,1,1,0,J1772,120.574095,24.268343,交通幹道區,平面停車場,臺中市,無
Kathy,EB15,純AC站,2025/01/24,歐特儀_台中永和巷公園停車場,1,1,0,J1772,120.67577,24.178121,風景區,平面停車場,臺中市,無
Kathy,EB18,純AC站,2025/01/24,歐特儀_台中新厝停車場,1,1,0,J1772,120.628857,24.145787,風景區,平面停車場,臺中市,無
Kathy,EB03,純AC站,2025/01/24,歐特儀_台中楓樹停車場,2,2,0,J1772、TYPE2,120.630645,24.11777,住宅區,平面停車場,臺中市,無
Kathy,EB17,純AC站,2025/01/24,歐特儀_台中錢嶺停車場,1,1,0,J1772,120.596343,24.15256,交通幹道區,平面停車場,臺中市,無
Kathy,EB02,純AC站,2025/01/24,歐特儀_新竹竹光停車場,3,3,0,J1772、TYPE2,120.953869,24.808017,交通幹道區,平面停車場,新竹市,無
Kathy,EB01,純AC站,2025/01/24,歐特儀_新竹竹榮停車場,2,2,0,J1772、TYPE2,121.099341,24.723017,交通幹道區,平面停車場,新竹縣,無
Kathy,EB00,純AC站,2025/01/24,歐特儀_新竹稅務停車場,2,2,0,J1772、TYPE2,120.969715,24.806281,辦公區,平面停車場,新竹市,無
Lisa,EA74,純AC站,2025/02/07,歐特儀股份有限公司大社自強街停車場,1,1,0,J1772,120.346805,22.730191,辦公區,平面停車場,高雄市,無
Lisa,EA77,純AC站,2025/02/07,歐特儀股份有限公司安樂三街停車場,1,1,0,J1772,120.346444,22.707598,住宅區,平面停車場,高雄市,無
Lisa,EA78,純AC站,2025/02/07,歐特儀股份有限公司燕巢燕北停車場,1,1,0,J1772,120.362443,22.796552,風景區,平面停車場,高雄市,無
Lisa,EA79,純AC站,2025/02/07,歐特儀股份有限公司觀音山停車場(A區),1,1,0,J1772,120.37042,22.728057,風景區,平面停車場,高雄市,無
Lisa,EA80,純AC站,2025/02/07,歐特儀股份有限公司觀音山停車場(B區),1,1,0,J1772,120.370857,22.728053,風景區,平面停車場,高雄市,無
Kathy,EA71,AC+DC站,2025/02/07,桃園台茂購物中心立體停車場,24,12,12,J1772、TYPE2、CCS1、CCS2,121.28734,25.05371,商業區,百貨,桃園市,無
Kathy,EA92,純AC站,2025/02/11,聯合醫院_台北仁愛院區,1,1,0,J1772,121.544534,25.037935,交通幹道區,醫院,臺北市,無
Kathy,EA95,純AC站,2025/02/11,聯合醫院_台北松德院區,1,1,0,J1772,121.57512,25.030644,住宅區,醫院,臺北市,無
Kathy,EA96,純AC站,2025/02/11,聯合醫院_台北婦幼院區,1,1,0,J1772,121.519614,25.029021,住宅區,醫院,臺北市,無
Kathy,EA97,純AC站,2025/02/11,聯合醫院_台北陽明院區,1,1,0,J1772,121.531366,25.104991,住宅區,醫院,臺北市,無
Kathy,EA98,純AC站,2025/02/11,聯合醫院_台北中興院區,2,2,0,J1772、TYPE2,121.508484,25.051436,交通幹道區,醫院,臺北市,無
Ivan,EB22,純AC站,2025/02/12,台中北區區公所,1,1,0,J1772,120.682364,24.165603,住宅區,政府機關,臺中市,無
Lisa,EB13,純AC站,2025/02/14,歐特儀股份有限公司管仲停車場,12,12,0,J1772、TYPE2,120.313901,22.604638,住宅區,平面停車場,高雄市,無
Kathy,EB08,純AC站,2025/02/14,歐特儀_台中文修停車場,3,3,0,J1772、TYPE2,120.642942,24.18518,住宅區,平面停車場,臺中市,無
Kathy,EB19,純AC站,2025/02/14,歐特儀_台中立元停車場,1,1,0,J1772,120.698457,24.101872,住宅區,平面停車場,臺中市,無
Kathy,EB20,純AC站,2025/02/14,歐特儀_台中仁堤停車場,1,1,0,J1772,120.699563,24.098779,風景區,平面停車場,臺中市,無
Lisa,EB25,純AC站,2025/02/13,鳳頂停車場,3,3,0,J1772、TYPE2,120.357548,22.590789,住宅區,平面停車場,高雄市,無
Lisa,EB12,純AC站,2025/02/13,歐特儀股份有限公司光華停車場,12,12,0,J1772、TYPE2,120.3167,22.607015,住宅區,平面停車場,高雄市,無
Kathy,EB26,純AC站,2025/02/14,歐特儀_台中航空站國內航廈停車場,2,2,0,J1772、TYPE2,120.600412,24.25634,住宅區,平面停車場,臺中市,無
Lisa,EA73,純AC站,2025/02/19,歐特儀股份有限公司澄東停車場,4,4,0,J1772,120.346464,22.64026,住宅區,平面停車場,高雄市,無
Lisa,EA75,純AC站,2025/02/19,歐特儀股份有限公司甲仙林森(A區)停車場,1,1,0,J1772,120.588015,23.082899,交通幹道區,平面停車場,高雄市,無
Lisa,EA76,純AC站,2025/02/19,歐特儀股份有限公司甲仙林森(B區)停車場,1,1,0,J1772,120.587431,23.082376,交通幹道區,平面停車場,高雄市,無
Kathy,EA70,純AC站,2025/02/20,基隆中正行政大樓停車場,3,3,0,J1772、TYPE2,121.75945,25.141275,辦公區,政府機關,基隆市,無
Kathy,EB29,純DC站,2025/02/20,辰淵_桃園客家文化館,4,0,4,CCS1、CCS2,121.233896,24.846132,交通幹道區,景點,桃園市,無
Kathy,EA93,純AC站,2025/03/06,聯合醫院_台北和平院區,1,1,0,J1772,121.507353,25.035823,住宅區,醫院,臺北市,無
Kathy,EA99,純AC站,2025/03/07,歐特儀_台北延平國小停車場,6,6,0,J1772、TYPE2,121.511909,25.067267,住宅區,平面停車場,臺北市,無
Kathy,EB10,純AC站,2025/03/07,歐特儀_台中中央公園北側停車場,9,9,0,J1772、TYPE2,120.650172,24.197066,交通幹道區,平面停車場,臺中市,無
Lisa,EB31,純AC站,2025/03/07,歐特儀股份有限公司旗山體育場停車場,1,1,0,J1772,120.480508,22.887265,商業區,平面停車場,高雄市,無
Lisa,EB34,純AC站,2025/03/07,平和停車場,2,2,0,J1772、TYPE2,120.335779,22.562509,住宅區,平面停車場,高雄市,無
Lisa,EB35,純AC站,2025/03/07,歐特儀股份有限公司瑞昌停車場,1,1,0,J1772,120.335855,22.606331,風景區,平面停車場,高雄市,無
Lisa,EB36,純AC站,2025/03/07,民富停車場,1,1,0,J1772,120.262652,22.854117,商業區,平面停車場,高雄市,無
Anita,TP05,純AC站,2025/03/14,台北大龍國小地下停車場,7,7,0,J1772、TYPE2,121.517352,25.074122,住宅區,地下停車場,臺北市,台北市標案
Anita,TP24,純AC站,2025/03/14,台北蘭雅公園地下停車場 (本站僅提供實體悠遊卡充電),4,4,0,J1772、TYPE2,121.529347,25.109543,住宅區,地下停車場,臺北市,台北市標案
Anita,TP13,純AC站,2025/03/21,台北青年公園高爾夫球場地下停車場,8,8,0,J1772、TYPE2,121.507495,25.024912,風景區,地下停車場,臺北市,台北市標案
Lisa,EA51,純AC站,2025/03/25,歐特儀股份有限公司瑞北停車場,2,2,0,J1772、TYPE2,120.329592,22.608886,住宅區,平面停車場,高雄市,無
Anita,TP19,純AC站,2025/03/28,台北前港公園地下停車場,15,15,0,J1772、TYPE2,121.521401,25.085853,住宅區,地下停車場,臺北市,台北市標案
Anita,TP25,純AC站,2025/03/28,台北海光公園地下停車場,4,4,0,J1772、TYPE2,121.508565,25.080959,住宅區,地下停車場,臺北市,台北市標案
Lisa,EA17,純AC站,2025/04/01,成睿_CR崁頂仁美停車場,2,2,0,Type2,121.26531,24.955758,交通幹道區,平面停車場,桃園市,無
Kathy,EB38,純AC站,2025/04/01,力揚_台北大稻埕停車場,4,4,0,J1772、TYPE2,121.510515,25.058272,商業區,平面停車場,臺北市,無
Lisa,EB27,純AC站,2025/04/11,鼓山國小操場地下停車場,10,10,0,J1772、TYPE2,120.271779,22.624745,風景區,地下停車場,高雄市,無
Lisa,EB41,純AC站,2025/04/17,宏達_新北三重慈濟停車場,2,2,0,J1772、TYPE2,121.473346,25.068299,住宅區,平面停車場,新北市,無
Lisa,EB42,純AC站,2025/04/17,宏達_新北永利停車場,2,2,0,J1772、TYPE2,121.52009,25.005523,商業區,立體停車場,新北市,無
Anita,EB51,純AC站,2025/04/17,宏匯_新北思源公共停車場,10,10,0,J1772、TYPE2,121.458719,25.058747,風景區,立體停車場,新北市,無
Kathy,EB32,純AC站,2025/04/22,歐特儀_三峽台北大學運動場停車場,20,20,0,J1772、TYPE2,121.364274,24.938824,住宅區,平面停車場,新北市,無
Xana,7E08,純DC站,2025/04/24,7-11_台中豐科門市,2,0,2,CCS1、CCS2,120.712888,24.262054,交通幹道區,超商,臺中市,無
Lisa,TD04,AC+DC站,2025/04/28,台東成功鎮公所,4,2,2,J1772、CCS1、CCS2,121.380366,23.105931,交通幹道區,政府機關,臺東縣,臺東縣標案
Xana,EB58,純AC站,2025/04/30,新北國家電影及視聽文化中心,2,2,0,J1772,121.44742,25.056796,住宅區,景點,新北市,無
Anita,TP02,純AC站,2025/04/30,台北啟聰學校地下停車場,4,4,0,J1772、TYPE2,121.511589,25.074359,住宅區,地下停車場,臺北市,台北市標案
Lisa,EB33,純DC站,2025/05/05,台北南山廣場,4,0,4,CCS1、CCS2,121.567573,25.034554,商業區,百貨,臺北市,無
Kathy,EB23,純AC站,2025/04/30,辰淵_高雄七老爺停車場,2,2,0,J1772、TYPE2,120.354983,22.597161,住宅區,平面停車場,高雄市,無
Kathy,EB24,純AC站,2025/04/30,辰淵_高雄孔宅停車場,2,2,0,J1772、TYPE2,120.372934,22.578935,住宅區,平面停車場,高雄市,無
Kathy,EB37,純AC站,2025/04/30,力揚_桃園龜山公九停車場,4,4,0,J1772、TYPE2,121.367812,25.055261,商業區,平面停車場,桃園市,無
Kathy,EB57,純AC站,2025/04/30,力揚_基隆麥金停車場,1,1,0,J1772,121.722027,25.120751,住宅區,平面停車場,基隆市,無
Lisa,EB44,純AC站,2025/05/09,歐特儀股份有限公司文化中心立體停車場,17,17,0,J1772、TYPE2,120.316943,22.62472,住宅區,立體停車場,高雄市,無
Anita,TP12,純AC站,2025/05/16,台北古亭國中地下停車場,7,7,0,J1772、TYPE2,121.509926,25.023903,住宅區,地下停車場,臺北市,台北市標案
Anita,TP37,純AC站,2025/05/23,台北開勝平面停車場,2,2,0,J1772、TYPE2,121.504909,25.140763,住宅區,平面停車場,臺北市,台北市標案
Anita,TP43,純AC站,2025/05/23,台北關渡水岸自然公園平面停車場,9,9,0,J1772、TYPE2,121.46293,25.118509,風景區,平面停車場,臺北市,台北市標案
Ivan,TK18,純AC站,2025/05/20,燦坤_桃園南崁店,2,2,0,J1772、TYPE2,121.290024,25.050476,商業區,連鎖量販-燦坤,桃園市,無
Ivan,MG02,純AC站,2025/05/26,MG順怡汽車_南投,1,1,0,J1772,120.667095,23.930844,商業區,車廠,南投縣,無
Xana,EB72,純AC站,2025/05/28,Times_宜蘭羅東車站前停車場,2,2,0,TYPE2,121.776337,24.678402,商業區,平面停車場,宜蘭縣,無
Lisa,EB40,純AC站,2025/05/29,宏達_台北松仁停車場,2,2,0,J1772、TYPE2,121.569857,25.024037,住宅區,地下停車場,臺北市,無
Anita,TP33,純AC站,2025/05/29,台北中山運動中心旁平面停車場 ,2,2,0,J1772、TYPE2,121.521648,25.05528,住宅區,平面停車場,臺北市,台北市標案
Kathy,EB30,純AC站,2025/05/29,國立臺灣歷史博物館遊客停車場,5,5,0,J1772、TYPE2,120.231856,23.059168,住宅區,景點,臺南市,無
Kathy,EB39,純AC站,2025/05/29,力揚_板橋體育場,2,2,0,J1772、TYPE2,121.469913,25.009854,交通幹道區,運動,新北市,無
Kathy,EB59,純AC站,2025/05/29,辰淵_高雄國軒停車場,2,2,0,J1772、TYPE2,120.284717,22.781982,住宅區,平面停車場,高雄市,無
Anita,TP09,純AC站,2025/06/06,台北兒童育樂中心平面停車場,2,2,0,J1772、TYPE2,121.521266,25.074964,住宅區,平面停車場,臺北市,台北市標案
Kathy,EB48,純AC站,2025/06/06,歐特儀_屏東社頂公園停車場,1,1,0,J1772,120.818745,21.955841,風景區,平面停車場,屏東縣,無
Kathy,EB50,純AC站,2025/06/06,歐特儀_屏東大灣A停車場,2,2,0,J1772,120.796619,21.945014,風景區,平面停車場,屏東縣,無
Kathy,EB49,純AC站,2025/06/06,歐特儀_屏東船帆石停車場,1,1,0,J1772,120.823013,21.93475,住宅區,平面停車場,屏東縣,無
Kathy,EB68,純AC站,2025/06/10,台北康樂合署大樓地下停車場,1,1,0,J1772,121.618964,25.072431,住宅區,地下停車場,臺北市,無
Xana,EB73,純AC站,2025/06/09,台中日月千禧酒店,8,8,0,J1772、TYPE2,120.642028,24.157045,住宅區,飯店,臺中市,無
Anita,TP07,純AC站,2025/06/13,台北慶昌橋下停車場,2,2,0,J1772、TYPE2,121.51571,25.076229,住宅區,平面停車場,臺北市,台北市標案
Anita,TP11,純AC站,2025/06/13,台北萬華國中地下停車場,13,13,0,J1772、TYPE2,121.499568,25.029274,住宅區,地下停車場,臺北市,台北市標案
Anita,TP36,純AC站,2025/06/13,台北至誠平面停車場,2,2,0,J1772、TYPE2,121.531381,25.101863,住宅區,平面停車場,臺北市,台北市標案
Anita,TP20,純AC站,2025/06/13,台北福林公園地下停車場,6,6,0,J1772、TYPE2,121.530648,25.096138,住宅區,地下停車場,臺北市,台北市標案
Anita,TP51,純AC站,2025/06/18,台北福港街平面停車場,2,2,0,J1772、TYPE2,121.518649,25.087423,住宅區,平面停車場,臺北市,台北市標案
Anita,TP35,純AC站,2025/06/24,台北東和平面停車場,2,2,0,J1772、TYPE2,121.533155,25.120188,住宅區,平面停車場,臺北市,台北市標案
Anita,EB61,純DC站,2025/06/24,宜蘭元健大和宜科觀光工廠,2,0,2,CCS1、CCS2,121.755115,24.732616,風景區,景點,宜蘭縣,無
Anita,TP00,純AC站,2025/06/30,台北成淵高中地下停車場,8,8,0,J1772、TYPE2,121.5201,25.060336,住宅區,地下停車場,臺北市,台北市標案
Anita,TP18,純AC站,2025/06/30,台北華江橋下雙層停車場,5,5,0,J1772、TYPE2,121.491476,25.035369,住宅區,平面停車場,臺北市,台北市標案
Anita,TP50,純AC站,2025/06/30,台北福國路橋下平面停車場,2,2,0,J1772、TYPE2,121.518125,25.101878,住宅區,平面停車場,臺北市,台北市標案
Kathy,EA69,純AC站,2025/07/01,凱映_南投三塊厝停車場,2,2,0,J1772、TYPE2,120.688802,23.909383,住宅區,平面停車場,南投縣,無
Xana,EB54,純AC站,2025/07/01,墾丁Hotel dua,3,3,0,J1772、TYPE2,120.799654,21.942691,風景區,飯店,屏東縣,無
Kathy,EB76,純AC站,2025/07/01,寶盛重立路停車場,2,2,0,J1772、TYPE2,120.308496,22.681212,住宅區,平面停車場,高雄市,無
Kathy,EB81,純AC站,2025/07/01,歐特儀_彰化田中高鐵第一停車場,1,1,0,J1772,120.575912,23.876157,風景區,平面停車場,彰化縣,無
Kathy,EB82,純AC站,2025/07/01,寶盛中山東路停車場,2,2,0,J1772、TYPE2,120.368983,22.623608,住宅區,平面停車場,高雄市,無
Kathy,EB83,純AC站,2025/07/01,寶盛台南武聖光賢停車場,2,2,0,J1772、TYPE2,120.187744,23.003657,住宅區,平面停車場,臺南市,無
Kathy,EB84,純AC站,2025/07/01,歐特儀_彰化田中高鐵第二停車場,2,2,0,J1772、TYPE2,120.576131,23.873121,風景區,平面停車場,彰化縣,無
Anita,TP16,純AC站,2025/07/07,台北雙園國中地下停車場,8,8,0,J1772、TYPE2,121.491566,25.027747,住宅區,地下停車場,臺北市,台北市標案
Anita,TP44,純AC站,2025/07/07,台北陽明山立體停車場,6,6,0,J1772、TYPE2,121.53907,25.154596,風景區,立體停車場,臺北市,台北市標案
Anita,TP47,純AC站,2025/07/07,台北陽明山第二停車場,3,3,0,J1772、TYPE2,121.545899,25.155416,風景區,平面停車場,臺北市,台北市標案
Anita,TP49,純AC站,2025/07/07,台北陽明山花鐘停車場,2,2,0,J1772、TYPE2,121.539683,25.156977,風景區,平面停車場,臺北市,台北市標案
Anita,TP55,純AC站,2025/07/07,台北豐年運動公園平面停車場,2,2,0,J1772、TYPE2,121.496048,25.13472,住宅區,平面停車場,臺北市,台北市標案
Ivan,EB77,純AC站,2025/07/11,新北工商展覽中心,9,9,0,J1772、TYPE2,121.448482,25.064646,辦公區,商辦,新北市,無
Kathy,EB74,純AC站,2025/07/17,歐特儀_台北台大癌醫停車場,8,8,0,J1772、TYPE2,121.54366,25.014753,風景區,平面停車場,臺北市,無
Lisa,EB66,純AC站,2025/07/21,台北全球人壽希望園區停車場,3,3,0,J1772、TYPE2,121.532779,25.044904,辦公區,商辦,臺北市,無
Ivan,EB69,純AC站,2025/07/24,新北晶冠廣場,8,8,0,J1772、TYPE2,121.458322,25.063823,商業區,百貨,新北市,無
Anita,EB80,純AC站,2025/07/24,宜蘭南門站停車場,6,6,0,J1772、TYPE2,121.748696,24.755169,風景區,宗教,臺北市,無
Anita,TP48,純AC站,2025/07/28,台北公館路228巷臨時平面停車場,2,2,0,J1772、TYPE2,121.504677,25.124787,住宅區,平面停車場,臺北市,台北市標案
Anita,TP08,純AC站,2025/07/28,台北大橋橋下停車場,2,2,0,J1772、TYPE2,121.509901,25.063036,住宅區,平面停車場,臺北市,台北市標案
Anita,TP52,純AC站,2025/07/28,台北關渡醫院旁平面停車場,2,2,0,J1772、TYPE2,121.46583,25.120393,住宅區,平面停車場,臺北市,台北市標案
Kathy,EB92,純AC站,2025/07/30,國立陽明交通大學_生物醫學大樓,4,4,0,J1772、TYPE2,121.51458,25.12041,住宅區,大專院校,臺北市,無
Kathy,TA00,純AC站,2025/08/01,桃園長興平面停車場,2,2,0,J1772、TYPE2,121.283725,24.905714,住宅區,平面停車場,桃園市,桃園市標案
Kathy,TA02,純AC站,2025/08/01,桃園太武新村停車場,1,1,0,J1772,121.282065,24.902331,風景區,平面停車場,桃園市,桃園市標案
Kathy,TA15,純AC站,2025/08/01,桃園龍平停車場,6,6,0,J1772、TYPE2,121.257367,24.93152,風景區,平面停車場,桃園市,桃園市標案
Kathy,TA20,純AC站,2025/08/01,桃園大連平面停車場,3,3,0,J1772、TYPE2,121.206409,24.913057,住宅區,平面停車場,桃園市,桃園市標案
Kathy,TA24,純AC站,2025/08/01,桃園忠貞三公有停車場,2,2,0,J1772、TYPE2,121.255685,24.928455,住宅區,平面停車場,桃園市,桃園市標案
Kathy,TA34,純AC站,2025/08/01,桃園五福停車場,8,8,0,J1772、TYPE2,121.209363,24.959701,住宅區,平面停車場,桃園市,桃園市標案
Kathy,TA35,純AC站,2025/08/01,桃園上海停車場,2,2,0,J1772、TYPE2,121.206777,24.913418,住宅區,平面停車場,桃園市,桃園市標案
Kathy,TA36,純AC站,2025/08/01,桃園新榮平面停車場,1,1,0,J1772,121.212202,24.945327,住宅區,平面停車場,桃園市,桃園市標案
Xana,EB55,純AC站,2025/08/01,高雄MLD台鋁生活商場,3,3,0,J1772、TYPE2,120.305248,22.604583,商業區,百貨,高雄市,無
Kathy,EA83,純AC站,2025/08/08,國立台灣大學_公館平面停車場,7,7,0,J1772、TYPE2,121.538387,25.012344,商業區,大專院校,臺北市,無
Kathy,EB43,純AC站,2025/08/08,歐特儀_台中崇德館五義停車場,2,2,0,J1772、TYPE2,120.683844,24.155302,風景區,平面停車場,臺中市,無
Xana,EB53,純AC站,2025/08/08,高雄Hotel dua,2,2,0,J1772、TYPE2,120.304103,22.630752,商業區,飯店,高雄市,無
Anita,TP45,純AC站,2025/08/11,台北社正路平面停車場,2,2,0,J1772、TYPE2,121.508969,25.088142,住宅區,平面停車場,臺北市,台北市標案
Anita,TP39,純AC站,2025/08/11,台北懷德街55巷平面停車場,4,4,0,J1772、TYPE2,121.519626,25.113216,住宅區,平面停車場,臺北市,台北市標案
Anita,TP15,純AC站,2025/08/11,台北青年公園棒球場地下停車場,7,7,0,J1772、TYPE2,121.50281,25.02381,住宅區,地下停車場,臺北市,台北市標案
Ivan,TC39,純AC站,2025/08/21,台中興中立體停車場,5,5,0,J1772,120.67879,24.14451,交通幹道區,立體停車場,臺中市,台中市標案
Ivan,TC14,純AC站,2025/08/21,台中大誠立體停車場,8,8,0,J1772,120.67933,24.144735,交通幹道區,立體停車場,臺中市,台中市標案
Ivan,TC07,純AC站,2025/08/18,台中交通局大樓附屬平面停車場,1,1,0,J1772,120.677697,24.139728,辦公區,平面停車場,臺中市,台中市標案
Ivan,TC05,純AC站,2025/08/20,台中細廣停1東山停車場,2,2,0,J1772,120.733619,24.176395,風景區,平面停車場,臺中市,台中市標案
Ivan,TC04,純AC站,2025/08/20,台中機130經補庫停車場,4,4,0,J1772,120.732487,24.176914,住宅區,平面停車場,臺中市,台中市標案
Ivan,TC20,純AC站,2025/08/19,台中神岡停2停車場,1,1,0,J1772,120.709583,24.277992,風景區,平面停車場,臺中市,台中市標案
Ivan,TC30,純AC站,2025/08/15,台中細停市6頂寮北停車場,2,2,0,J1772,120.54168,24.263513,風景區,平面停車場,臺中市,台中市標案
Ivan,TC28,純AC站,2025/08/18,台中商3頂魚寮停車場,2,2,0,J1772,120.536353,24.260587,辦公區,平面停車場,臺中市,台中市標案
Ivan,TC24,純AC站,2025/08/18,台中停57大興停車場,2,2,0,J1772,120.55393,24.237312,風景區,平面停車場,臺中市,台中市標案
Ivan,TC21,純AC站,2025/08/19,台中神岡停4停車場,2,2,0,J1772,120.704389,24.276794,交通幹道區,平面停車場,臺中市,台中市標案
Ivan,TC19,純AC站,2025/08/19,台中神岡停1停車場,1,1,0,J1772,120.697342,24.278588,交通幹道區,平面停車場,臺中市,台中市標案
Anita,TP03,純AC站,2025/08/18,台北建成公園地下停車場,6,6,0,J1772、TYPE2,121.51803,25.05398,住宅區,地下停車場,臺北市,台北市標案
Xana,7E12,純DC站,2025/08/20,7-11_苗栗東館門市,2,0,2,CCS1、CCS2,120.819537,24.527387,交通幹道區,超商,苗栗縣,無
Kathy,EC29,純AC站,2025/08/20,台北民生社區中心地下停車場,3,3,0,J1772、TYPE2,121.563155,25.059888,住宅區,社區,臺北市,無
Ivan,EB91,純AC站,2025/08/20,屏東幸福公園停車場,10,10,0,J1772、TYPE2,120.491368,22.67873,風景區,公園,屏東縣,無
Xana,EB94,純AC站,2025/08/25,台北美福大飯店,6,6,0,J1772、TYPE2,121.554368,25.080322,住宅區,飯店,臺北市,無
Ivan,TC37,純AC站,2025/08/25,台中陽明大樓第二平面停車場,15,15,0,J1772,120.721972,24.24544,交通幹道區,平面停車場,臺中市,台中市標案
Kathy,EB75,純AC站,2025/08/26,寶盛文敬路停車場,2,2,0,J1772、TYPE2,120.311598,22.678655,住宅區,平面停車場,高雄市,無
Ivan,TC29,純AC站,2025/08/26,台中停市1台中港特定區停車場,1,1,0,J1772,120.534364,24.269624,交通幹道區,平面停車場,臺中市,台中市標案
Ivan,TC31,純AC站,2025/08/26,台中停市9台中港特定區停車場,1,1,0,J1772,120.540252,24.26625,交通幹道區,平面停車場,臺中市,台中市標案
Ivan,TC33,純AC站,2025/08/26,台中停市8台中港特定區停車場,1,1,0,J1772,120.535936,24.269406,交通幹道區,平面停車場,臺中市,台中市標案
Ivan,TC27,純AC站,2025/08/27,台中停市7台中港特定區停車場,1,1,0,J1772,120.529846,24.262355,商業區,平面停車場,臺中市,台中市標案
Ivan,TC23,純AC站,2025/08/27,台中大智停車場,1,1,0,J1772,120.534069,24.259785,住宅區,平面停車場,臺中市,台中市標案
Ivan,TC26,純AC站,2025/08/27,台中頂寮西停車場,1,1,0,J1772,120.534636,24.26356,住宅區,平面停車場,臺中市,台中市標案
Kathy,EA54,純DC站,2025/08/27,台灣中油_桃園東勇站,6,0,6,CCS1、CCS2,121.306838,24.962675,住宅區,旗艦型快充站,桃園市,無
Ivan,TC35,純AC站,2025/08/28,台中中興嶺停車場及旅客服務中心,1,1,0,J1772,120.796032,24.204371,交通幹道區,景點,臺中市,台中市標案
Ivan,TC38,純AC站,2025/08/28,台中陽明大樓地下停車場,5,5,0,J1772,120.721367,24.246777,辦公區,地下停車場,臺中市,台中市標案
Ivan,TC00,純AC站,2025/08/29,台中臺灣大道市政大樓附屬地下停車場,12,12,0,J1772,120.645026,24.162149,商業區,政府機關,臺中市,台中市標案
Anita,EB86,純AC站,2025/08/29,台北市南港運動中心,3,3,0,J1772、TYPE2,121.581504,25.048608,住宅區,運動,臺北市,無
Ivan,TC25,純AC站,2025/09/03,台中頂寮東停車場,2,2,0,J1772,120.53813,24.258839,住宅區,平面停車場,臺中市,台中市標案
Ivan,TC22,純AC站,2025/09/04,台中停市5台中港特定區停車場,1,1,0,J1772,120.53861,24.263174,辦公區,平面停車場,臺中市,台中市標案
Ivan,TC03,純AC站,2025/09/04,台中漢口停車場,4,4,0,J1772,120.662072,24.16561,住宅區,平面停車場,臺中市,台中市標案
Ivan,TC10,純AC站,2025/09/03,台中大甲停二停車場,2,2,0,J1772,120.631192,24.343798,交通幹道區,平面停車場,臺中市,台中市標案
Ivan,TC13,純AC站,2025/09/03,台中大肚停五停車場,2,2,0,J1772,120.540663,24.153936,交通幹道區,平面停車場,臺中市,台中市標案
Ivan,TC32,純AC站,2025/09/02,台中停市3台中港特定區停車場,1,1,0,J1772,120.543184,24.266726,交通幹道區,平面停車場,臺中市,台中市標案
Ivan,TC34,純AC站,2025/09/02,台中停市2台中港特定區停車場,1,1,0,J1772,120.538247,24.267581,交通幹道區,地下停車場,臺中市,台中市標案
Ivan,TC06,純AC站,2025/09/02,台中南屯國小地下停車場,6,6,0,J1772,120.638221,24.137901,商業區,平面停車場,臺中市,台中市標案
Kathy,TA22,純AC站,2025/09/01,桃園中正公有停車場,4,4,0,J1772、TYPE2,121.254711,24.926237,住宅區,平面停車場,桃園市,桃園市標案
Kathy,TA32,純AC站,2025/09/01,桃園運動公園平面停車場,3,3,0,J1772、TYPE2,121.218287,24.86792,交通幹道區,平面停車場,桃園市,桃園市標案
Kathy,TA16,純AC站,2025/09/01,桃園龍岡停車場,10,10,0,J1772、TYPE2,121.252998,24.930284,商業區,平面停車場,桃園市,桃園市標案
Kathy,TA14,純AC站,2025/09/01,桃園興仁親子公園停車場,8,8,0,J1772、TYPE2,121.263568,24.964838,住宅區,公園,桃園市,桃園市標案
Kathy,TA13,純AC站,2025/09/01,桃園坤慶公園地下停車場,3,3,0,J1772、TYPE2,121.229846,24.962017,住宅區,公園,桃園市,桃園市標案
Kathy,TA11,純AC站,2025/09/01,桃園石頭段停車場,5,5,0,J1772、TYPE2,121.22277,24.950711,住宅區,平面停車場,桃園市,桃園市標案
Kathy,TA10,純AC站,2025/09/01,桃園延平停車場,6,6,0,J1772、TYPE2,121.223105,24.956018,住宅區,平面停車場,桃園市,桃園市標案
Kathy,TA05,純AC站,2025/09/01,桃園銀河廣場地下停車場,2,2,0,J1772、TYPE2,121.223749,24.961688,商業區,地下停車場,桃園市,桃園市標案
Anita,TP40,純AC站,2025/09/09,台北延平北路5段1巷平面停車場,4,4,0,J1772、TYPE2,121.509796,25.078834,住宅區,平面停車場,臺北市,台北市標案
Anita,TP04,純AC站,2025/09/09,台北建成國中地下停車場,8,8,0,J1772、TYPE2,121.519636,25.050563,住宅區,地下停車場,臺北市,台北市標案
Ivan,TC08,純AC站,2025/09/11,台中府後街地下停車場,10,10,0,J1772,120.675085,24.136239,辦公區,地下停車場,臺中市,台中市標案
Ivan,TC09,純AC站,2025/09/09,台中文昌國小地下停車場,3,3,0,J1772,120.624845,24.348473,風景區,地下停車場,臺中市,台中市標案
Xana,EC01,純AC站,2025/09/11,新北陽明山天籟渡假酒店,2,2,0,J1772、TYPE2,121.59515,25.201666,住宅區,飯店,新北市,無
Anita,TP38,純AC站,2025/09/12,台北公館路平面停車場,4,4,0,J1772、TYPE2,121.503373,25.121125,住宅區,平面停車場,臺北市,台北市標案
Anita,TP53,純AC站,2025/09/12,台北大業路280巷臨時平面停車場,2,2,0,J1772、TYPE2,121.500179,25.127674,住宅區,平面停車場,臺北市,台北市標案
Lisa,EB46,純AC站,2025/08/08,歐特儀股份有限公司東門停車場,2,2,0,J1772、TYPE2,120.28997,22.674235,住宅區,平面停車場,高雄市,無
Lisa,EB45,純AC站,2025/08/08,歐特儀股份有限公司陽明停車場,2,2,0,J1772、TYPE2,120.34211,22.642901,商業區,平面停車場,高雄市,無
Ivan,TC15,純AC站,2025/09/15,台中上城里停車場,2,2,0,J1772,120.838367,24.218638,交通幹道區,平面停車場,臺中市,台中市標案
Kathy,EB96,純AC站,2025/09/18,新北領袖天下工業園區停車場,4,4,0,J1772、TYPE2,121.455923,24.996274,住宅區,商辦,新北市,無
Anita,EC66,純AC站,2025/09/18,台北市北投運動中心,2,2,0,J1772、TYPE2,121.509616,25.11616,住宅區,運動,臺北市,無
Ivan,NT0U,純AC站,2025/09/22,新北興穀國小操場地下停車場,7,7,0,J1772、TYPE2,121.475523,25.049805,風景區,地下停車場,新北市,新北市標案
Xana,EC12,純AC站,2025/09/24,Times台南大橋一街第2停車場,1,1,0,TYPE2,120.230112,23.02232,交通幹道區,平面停車場,臺南市,無
Xana,EC16,純AC站,2025/09/24,Times高雄仁武仁忠路停車場,1,1,0,TYPE2,120.356478,22.676454,交通幹道區,平面停車場,高雄市,無
Xana,EC07,純AC站,2025/09/24,Times高雄重立孟子停車場,1,1,0,J1772,120.313535,22.674007,住宅區,平面停車場,高雄市,無
Xana,EC13,純AC站,2025/09/24,Times台南中山南路停車場,1,1,0,TYPE2,120.237825,23.016693,住宅區,平面停車場,臺南市,無
Xana,EC08,純AC站,2025/09/24,Times高雄文濱路停車場,1,1,0,J1772,120.348606,22.640086,住宅區,平面停車場,高雄市,無
Xana,EC04,純AC站,2025/09/24,Times高雄文天路停車場,1,1,0,J1772,120.312507,22.685549,住宅區,平面停車場,高雄市,無
Xana,EC09,純AC站,2025/09/24,Times高雄美術東四路第2停車場,1,1,0,J1772,120.290407,22.663463,住宅區,平面停車場,高雄市,無
Xana,EC06,純AC站,2025/09/24,Times高雄岡山捷安路商場停車場,1,1,0,J1772,120.300071,22.78161,商業區,平面停車場,高雄市,無
Xana,EC15,純AC站,2025/09/24,Times高雄大學二十街停車場,1,1,0,TYPE2,120.283093,22.729087,住宅區,平面停車場,高雄市,無
Xana,EC10,純AC站,2025/09/24,Times高雄鳳山文鳳文濱停車場,1,1,0,J1772,120.348449,22.642591,住宅區,平面停車場,高雄市,無
Xana,EC03,純AC站,2025/09/24,Times台南東區生產路停車場,1,1,0,J1772,120.231202,22.965821,住宅區,平面停車場,臺南市,無
Xana,EC17,純AC站,2025/09/24,Times高雄鳳山五甲五福停車場,1,1,0,TYPE2,120.323916,22.589314,交通幹道區,平面停車場,高雄市,無
Xana,EC19,純AC站,2025/09/24,Times高雄松江同盟停車場,1,1,0,TYPE2,120.304529,22.651587,住宅區,平面停車場,高雄市,無
Xana,EC14,純AC站,2025/09/24,Times台南北成路停車場,1,1,0,J1772,120.210091,23.018944,風景區,平面停車場,臺南市,無
Xana,EC18,純AC站,2025/09/24,Times高雄寶興路第2停車場,1,1,0,J1772,120.326524,22.644608,住宅區,平面停車場,高雄市,無
Xana,EC20,純AC站,2025/09/24,Times高雄鼎新路停車場,1,1,0,J1772,120.322766,22.662921,住宅區,平面停車場,高雄市,無
Xana,EC05,純AC站,2025/09/24,Times高雄至聖路停車場,2,2,0,J1772、TYPE2,120.301591,22.659967,風景區,平面停車場,高雄市,無
Lisa,EC62,AC+DC站,2025/09/25,台北內湖CITYLINK停車場,13,11,2,J1772、TYPE2、CCS1、CCS2,121.593884,25.084746,住宅區,百貨,臺北市,無
Anita,FC17,純AC站,2025/09/26,苗栗聯合環球科技竹南廠房,6,6,0,J1772、TYPE2,120.908817,24.71342,住宅區,商辦,苗栗縣,無
Anita,TP46,純AC站,2025/09/30,台北福林路平面停車場,2,2,0,J1772、TYPE2,121.533217,25.09675,住宅區,平面停車場,臺北市,台北市標案
Anita,TP14,純AC站,2025/09/30,台北新和庭園平面停車場,3,3,0,J1772、TYPE2,121.504982,25.027689,住宅區,平面停車場,臺北市,台北市標案
Kathy,TA09,AC+DC站,2025/10/01,桃園中壢國小地下停車場,14,8,6,J1772、TYPE2、CCS1、CCS2,121.222054,24.953956,住宅區,地下停車場,桃園市,桃園市標案
Kathy,TA28,純AC站,2025/10/01,桃園平鎮文化公園地下停車場,3,3,0,J1772、TYPE2,121.203691,24.954424,住宅區,地下停車場,桃園市,桃園市標案
Kathy,TA37,純AC站,2025/10/01,桃園開封停車場,5,5,0,J1772、TYPE2,121.204351,24.911346,住宅區,平面停車場,桃園市,桃園市標案
Kathy,TA38,純AC站,2025/10/01,桃園舊鄉代會停車場,2,2,0,J1772、TYPE2,121.216759,24.863951,辦公區,平面停車場,桃園市,桃園市標案
Anita,TX03,純DC站,2025/10/01,台北大直計程車服務站,2,0,2,CCS1、CCS2,121.549718,25.084075,住宅區,計程車服務站,臺北市,計程車標案
Anita,TX02,純DC站,2025/10/01,台北公館計程車服務站,2,0,2,CCS1、CCS2,121.534685,25.010429,風景區,計程車服務站,臺北市,計程車標案
Anita,TX00,純DC站,2025/10/01,台北中山計程車服務站,2,0,2,CCS1、CCS2,121.525641,25.072326,風景區,計程車服務站,臺北市,計程車標案
Anita,TX01,純DC站,2025/10/01,台北建國計程車服務站,2,0,2,CCS1、CCS2,121.536761,25.043773,住宅區,計程車服務站,臺北市,計程車標案
Lisa,EB79,純AC站,2025/10/07,市府轉運停車場,10,10,0,J1772、TYPE2,121.566033,25.040227,商業區,百貨,臺北市,無
Xana,EC28,純AC站,2025/10/09,Times_台北植福路停車場,1,1,0,J1772,121.557607,25.084127,商業區,平面停車場,臺北市,無
Xana,EC27,純AC站,2025/10/09,Times_台北北護大學思樓停車場,2,2,0,J1772、TYPE2,121.520022,25.118607,住宅區,平面停車場,臺北市,無
Xana,EC26,純AC站,2025/10/09,Times_宜蘭羅東第2停車場,1,1,0,TYPE2,121.770974,24.678745,商業區,平面停車場,宜蘭縣,無
Xana,EC24,純AC站,2025/10/09,Times_台北內湖陽光街停車場,1,1,0,J1772,121.576888,25.072892,商業區,平面停車場,臺北市,無
Xana,EC23,純AC站,2025/10/09,Times_宜蘭擺厘路停車場,1,1,0,J1772,121.750526,24.743899,住宅區,平面停車場,宜蘭縣,無
Xana,EC21,純AC站,2025/10/09,Times_宜蘭中華路停車場,1,1,0,TYPE2,121.752666,24.750388,住宅區,平面停車場,宜蘭縣,無
Anita,TP30,純AC站,2025/10/13,台北忠誠路(二)平面停車場 ,2,2,0,J1772、TYPE2,121.52935,25.106842,住宅區,平面停車場,臺北市,台北市標案
Xana,EC64,純AC站,2025/10/14,Times_台北地下街停車場,8,8,0,J1772、TYPE2,121.511053,25.049981,交通幹道區,地下停車場,臺北市,無
Xana,EC60,純AC站,2025/10/22,Times_桃園蘆竹上竹五街停車場,1,1,0,J1772,121.26405,25.021609,住宅區,平面停車場,桃園市,無
Xana,EC58,純AC站,2025/10/22,Times_桃園楊梅萬大路停車場,1,1,0,TYPE2,121.177513,24.909873,住宅區,平面停車場,桃園市,無
Xana,EC57,純AC站,2025/10/22,Times_桃園楊梅中山北路一段,1,1,0,J1772,121.156987,24.908834,住宅區,平面停車場,桃園市,無
Xana,EC56,純AC站,2025/10/22,Times_桃園藝文二街第2停車場,1,1,0,J1772,121.299875,25.015959,住宅區,平面停車場,桃園市,無
Xana,EC55,純AC站,2025/10/22,Times_桃園新埔八街停車場,1,1,0,J1772,121.29883,25.020175,住宅區,平面停車場,桃園市,無
Xana,EC54,純AC站,2025/10/22,Times_桃園國強十二街第2停車場,1,1,0,J1772,121.279408,24.993227,住宅區,平面停車場,桃園市,無
Xana,EC52,純AC站,2025/10/22,Times_桃園同德五街第2停車場,1,1,0,J1772,121.297681,25.013553,住宅區,平面停車場,桃園市,無
Xana,EC46,純AC站,2025/10/22,Times_桃園大有路第5停車場,1,1,0,TYPE2,121.315286,25.020252,風景區,平面停車場,桃園市,無
Xana,EC45,純AC站,2025/10/22,Times_桃園大有路第3停車場,1,1,0,J1772,121.315056,25.02052,辦公區,平面停車場,桃園市,無
Xana,EC44,純AC站,2025/10/22,Times_桃園中壢環溪二街停車場,2,2,0,J1772、TYPE2,121.20049,25.005037,住宅區,平面停車場,桃園市,無
Xana,EC42,純AC站,2025/10/22,Times_桃園中壢富村街停車場,1,1,0,J1772,121.256085,24.968531,住宅區,平面停車場,桃園市,無
Xana,EC41,純AC站,2025/10/22,Times_桃園中壢國泰街停車場,1,1,0,TYPE2,121.237512,24.950488,住宅區,平面停車場,桃園市,無
Xana,EC40,純AC站,2025/10/22,Times_桃園中壢洽溪路停車場,2,2,0,J1772、TYPE2,121.206768,25.008149,住宅區,平面停車場,桃園市,無
Xana,EC39,純AC站,2025/10/22,Times_桃園中壢後寮一路停車場,1,1,0,J1772,121.245749,24.940822,住宅區,平面停車場,桃園市,無
Xana,EC38,純AC站,2025/10/22,Times_桃園中壢和祥街停車場,1,1,0,J1772,121.237575,24.951504,住宅區,平面停車場,桃園市,無
Xana,EC37,純AC站,2025/10/22,Times_桃園中壢永發路停車場,1,1,0,J1772,121.207654,25.007901,住宅區,平面停車場,桃園市,無
Xana,EC36,純AC站,2025/10/22,Times_桃園中壢元生三街停車場,1,1,0,TYPE2,121.252164,24.977093,風景區,平面停車場,桃園市,無
Xana,EC35,純AC站,2025/10/22,Times_桃園中壢中原夜市停車場,1,1,0,J1772,121.23723,24.956269,商業區,平面停車場,桃園市,無
Xana,EC34,純AC站,2025/10/22,Times_桃園大園高鐵北路二段,1,1,0,J1772,121.22204,25.020754,住宅區,平面停車場,桃園市,無
Xana,EC33,純AC站,2025/10/22,Times_桃園八德長興一路第2,1,1,0,TYPE2,121.282556,24.93386,住宅區,平面停車場,桃園市,無
Xana,EC32,純AC站,2025/10/22,Times_桃園八德東勇街停車場,1,1,0,TYPE2,121.30609,24.962746,住宅區,平面停車場,桃園市,無
Xana,EC31,純AC站,2025/10/22,Times_桃園八德介壽路一段停車場,1,1,0,TYPE2,121.299677,24.963731,商業區,平面停車場,桃園市,無
Xana,EC30,純AC站,2025/10/22,Times_桃園八德中正路停車場,1,1,0,J1772,121.282163,24.92601,住宅區,平面停車場,桃園市,無
Anita,BZ22,純DC站,2025/10/22,中彰賓士_台中,2,0,2,CCS1、CCS2,120.631791,24.144334,交通幹道區,車廠,臺中市,無
Kathy,EC67,純AC站,2025/10/23,台北景美國小地下停車場,5,5,0,J1772、TYPE2,121.540217,24.988484,住宅區,地下停車場,臺北市,無
Xana,EC61,純AC站,2025/10/29,Times_桃園蘆竹明德街停車場,1,1,0,J1772,121.26243,25.024958,住宅區,平面停車場,桃園市,無
Kathy,TA01,純AC站,2025/11/01,桃園僑愛平面停車場,1,1,0,J1772,121.29411,24.921602,住宅區,平面停車場,桃園市,桃園市標案
Kathy,TA31,純AC站,2025/11/01,桃園運動公園立體停車場,11,11,0,J1772、TYPE2,121.218467,24.8676,交通幹道區,立體停車場,桃園市,桃園市標案
Kathy,TA27,純AC站,2025/11/01,桃園廣北平面停車場,5,5,0,J1772、TYPE2,121.208842,24.956565,住宅區,平面停車場,桃園市,桃園市標案
Anita,BZ23,純DC站,2025/11/03,德冠賓士_高雄,2,0,2,CCS1、CCS2,120.303362,22.672273,商業區,車廠,高雄市,無
Anita,BZ28,純DC站,2025/11/21,賓泓賓士_台南(南區),2,0,2,CCS1、CCS2,120.183452,22.972449,商業區,車廠,臺南市,無
Anita,EC63,純AC站,2025/11/17,新北市汐止國民運動中心,2,2,0,J1772、TYPE2,121.657043,25.065462,住宅區,運動,新北市,無
Anita,EB93,純AC站,2025/11/17,桃園市中壢國民運動中心,2,2,0,J1772、TYPE2,121.215975,24.964473,住宅區,運動,桃園市,無
Anita,EB52,純AC站,2025/11/17,桃園國民運動中心,2,2,0,J1772、TYPE2,121.320664,24.997875,住宅區,運動,桃園市,無
Xana,EB78,純AC站,2025/11/20,台中米平方廣場(二期),3,3,0,J1772、TYPE2,120.612103,24.19292,住宅區,百貨,臺中市,無
Anita,YL02,純AC站,2025/11/26,宜蘭東光國中停車場,2,2,0,J1772,121.767678,24.67182,交通幹道區,停車場,宜蘭縣,宜蘭縣標案
Anita,YL24,純AC站,2025/11/26,宜蘭縣議會停車場,2,2,0,J1772,121.7649,24.72997,交通幹道區,停車場,宜蘭縣,宜蘭縣標案
Anita,YL20,AC+DC站,2025/11/26,宜蘭縣政府停車場,7,6,1,J1772、CCS1,121.763185,24.731458,風景區,停車場,宜蘭縣,宜蘭縣標案
Anita,YL22,純AC站,2025/11/26,宜蘭運動公園第五停車場,1,1,0,J1772,121.756548,24.738747,風景區,停車場,宜蘭縣,宜蘭縣標案
Anita,YL26,純AC站,2025/11/26,宜蘭羅東運動公園停車場,7,7,0,J1772,121.757327,24.682255,風景區,停車場,宜蘭縣,宜蘭縣標案
Anita,YL12,純AC站,2025/11/26,宜蘭縣北成國小停車場,1,1,0,J1772,121.759193,24.675006,交通幹道區,停車場,宜蘭縣,宜蘭縣標案
Anita,YL04,純AC站,2025/11/26,宜蘭南安國小社區公共停車場,1,1,0,J1772,121.86813,24.578866,住宅區,停車場,宜蘭縣,宜蘭縣標案
Anita,YL06,純AC站,2025/11/26,宜蘭羅東國小停車場,1,1,0,J1772,121.771756,24.672081,交通幹道區,停車場,宜蘭縣,宜蘭縣標案
Anita,YL33,純AC站,2025/11/26,宜蘭仁山植物園停車場,4,4,0,J1772,121.751799,24.622365,風景區,停車場,宜蘭縣,宜蘭縣標案
Anita,YL13,純AC站,2025/11/26,宜蘭縣三期納骨樓地下停車場,6,6,0,J1772,121.700778,24.754103,風景區,停車場,宜蘭縣,宜蘭縣標案
Anita,YL00,AC+DC站,2025/11/26,宜蘭羅東轉運站停車場,22,21,1,J1772、CCS1,121.779128,24.677712,交通幹道區,停車場,宜蘭縣,宜蘭縣標案
Anita,YL14,AC+DC站,2025/11/26,宜蘭蘭陽博物館停車場,4,3,1,J1772、CCS1,121.835529,24.870024,交通幹道區,停車場,宜蘭縣,宜蘭縣標案
Kathy,EC70,純AC站,2025/11/28,易亭_桃園中山東路停車場,2,2,0,J1772、TYPE2,121.25871,24.93522,風景區,停車場,桃園市,無
Kathy,EC69,純AC站,2025/11/28,易亭_新北新店中正停車場,2,2,0,J1772、TYPE2,121.5341,24.98942,住宅區,停車場,新北市,無
Kathy,EC74,純AC站,2025/11/28,歐特儀_台北第一停車場,7,7,0,J1772、TYPE2,121.536671,25.062977,住宅區,停車場,臺北市,無
Anita,TP56,純AC站,2025/12/01,台北忠義站平面停車場,2,2,0,J1772、TYPE2,121.47429,25.131397,交通幹道區,平面停車場,臺北市,台北市標案
Anita,TP41,純AC站,2025/12/01,台北社中街平面停車場,2,2,0,J1772、TYPE2,121.510452,25.089506,住宅區,平面停車場,臺北市,台北市標案
Anita,TP34,純AC站,2025/12/01,台北復興路平面停車場,2,2,0,J1772、TYPE2,121.504557,25.140578,住宅區,平面停車場,臺北市,台北市標案
Kathy,TA30,純AC站,2025/12/01,桃園廣南平面停車場,3,3,0,J1772、TYPE2,121.208656,24.945078,住宅區,平面停車場,桃園市,桃園市標案
Kathy,EC73,純AC站,2025/12/01,台北師大站停車場,2,2,0,J1772、TYPE2,121.527649,25.026771,住宅區,大專院校,臺北市,無
Anita,HR01,AC+DC站,2025/12/03,高鐵苗栗站停車場,8,6,2,J1772、TYPE2、CCS1、CCS2,120.827158,24.606716,交通幹道區,高鐵,苗栗縣,高鐵標案
Xana,7E13,純DC站,2025/12/03,7-11_彰化普賢門市,2,0,2,CCS1、CCS2,120.555373,23.934206,交通幹道區,超商,彰化縣,無
Anita,YL01,純AC站,2025/12/10,宜蘭光復國民小學停車場,1,1,0,J1772,121.747813,24.755345,風景區,停車場,宜蘭縣,宜蘭縣標案
Anita,YL09,純AC站,2025/12/10,宜蘭復興國中停車場,1,1,0,J1772,121.746895,24.749265,住宅區,停車場,宜蘭縣,宜蘭縣標案
Anita,YL25,純AC站,2025/12/10,宜蘭壯圍共乘停車場,3,3,0,J1772,121.779022,24.769158,交通幹道區,停車場,宜蘭縣,宜蘭縣標案
Anita,YL31,純AC站,2025/12/10,宜蘭五結共乘停車場,1,1,0,J1772,121.791102,24.690188,交通幹道區,停車場,宜蘭縣,宜蘭縣標案
Anita,YL03,純AC站,2025/12/10,宜蘭國華國中停車場,2,2,0,J1772,121.761257,24.677554,風景區,停車場,宜蘭縣,宜蘭縣標案
Anita,YL11,純AC站,2025/12/10,宜蘭公正國小停車場,1,1,0,J1772,121.767146,24.678876,商業區,停車場,宜蘭縣,宜蘭縣標案
Lisa,EA20,純AC站,2025/12/11,歐特儀股份有限公司金獅湖北區停車場,6,6,0,J1772、TYPE2,120.327207,22.670192,住宅區,平面停車場,高雄市,無
Lisa,NT3N,純AC站,2025/12/16,新北溪北公園地下停車場,6,6,0,J1772、TYPE2,121.431209,24.989291,住宅區,地下停車場,新北市,新北市標案
Lisa,NT3M,純AC站,2025/12/16,新北忠孝公園地下停車場,5,5,0,J1772、TYPE2,121.460015,24.997209,住宅區,地下停車場,新北市,新北市標案
Kathy,EC88,純AC站,2025/12/17,新北新莊農會_信用部,2,2,0,J1772、TYPE2,121.457871,25.037414,風景區,金融機構,新北市,無
Anita,BZ27,純DC站,2025/12/19,裕賓賓士_宜蘭,2,0,2,CCS1、CCS2,121.778081,24.685161,商業區,車廠,宜蘭縣,無
Anita,BZ24,純DC站,2025/12/18,聯立賓士_新竹,2,0,2,CCS1、CCS2,120.99472,24.81762,住宅區,車廠,新竹市,無
Lisa,FC22,純AC站,2025/12/18,歐特儀股份有限公司林園立體停車場,13,13,0,J1772、TYPE2,120.39582,22.502059,住宅區,立體停車場,高雄市,無
Lisa,FC24,純AC站,2025/12/18,歐特儀股份有限公司鳥松勞工公園停車場,4,4,0,J1772、TYPE2,120.358547,22.650625,風景區,平面停車場,高雄市,無
Kathy,EC72,純AC站,2025/12/26,新北市新莊國民運動中心,6,6,0,J1772、TYPE2,121.447089,25.039745,住宅區,運動,新北市,無
Anita,TP42,純AC站,2025/12/31,台北明德臨時平面停車場,2,2,0,J1772、TYPE2,121.52069,25.115458,住宅區,平面停車場,臺北市,台北市標案
Lisa,FC27,純AC站,2025/12/29,歐特儀股份有限公司鳳山車站地下法定停車場,10,10,0,J1772、TYPE2,120.35498,22.631588,風景區,地下停車場,高雄市,無
Kathy,FC18,純AC站,2025/12/17,台北永春高中停車場,2,2,0,J1772,121.578839,25.033507,住宅區,停車場,臺北市,無
